:020000040800F2
:1000000088200024AD02000819C00008B1B0000823
:10001000F9B80008D91B0008C9ED0008000000006D
:10002000000000000000000000000000B9C300084C
:10003000114300080000000059C00008F1C3000887
:10004000C7020008C7020008C7020008C70200086C
:10005000C7020008A1C20008C7020008C7020008C2
:10006000C7020008C7020008C7020008E1350008FF
:10007000C7020008C7020008C7020008C70200083C
:10008000F1350008C7020008C91B0008C7020008B4
:10009000C7020008C7020008C7020008C70200081C
:1000A000C7020008C7020008C7020008C70200080C
:1000B000C7020008C7020008C7020008C7020008FC
:1000C000C7020008C7020008C7020008C7020008EC
:1000D000C7020008B9ED0008C7020008C1ED00081A
:1000E000C7020008C702000800000000C70200089D
:1000F000C7020008C7020008C7020008C7020008BC
:10010000C7020008C7020008C7020008C7020008AB
:10011000C7020008C7020008C7020008C70200089B
:10012000C7020008C7020008C7020008C70200088B
:10013000C7020008C7020008C7020008C70200087B
:1001400000000000000000000000000000000000AF
:10015000C7020008C7020008C7020008C70200085B
:10016000C7020008C7020008C7020008C70200084B
:10017000C7020008C7020008C7020008000000000C
:10018000C7020008C7020008C7020008C70200082B
:10019000C7020008C7020008C7020008C70200081B
:1001A000C7020008C7020008C7020008C70200080B
:1001B000C7020008C7020008C7020008C7020008FB
:1001C000C7020008C7020008C7020008C7020008EB
:1001D000C7020008C7020008C7020008C7020008DB
:1001E000C7020008C7020008C7020008C7020008CB
:1001F000C7020008C7020008C7020008C7020008BB
:10020000C7020008C7020008C7020008C7020008AA
:10021000C7020008C7020008C7020008C70200089A
:10022000C7020008C7020008C7020008000000005B
:10023000C7020008C702000800000000C70200084B
:10024000C7020008C7020008C7020008C70200086A
:10025000C7020008C7020008C7020008C70200085A
:10026000C7020008C7020008C7020008C70200084A
:10027000C7020008C7020008C7020008000000000B
:10028000C7020008C7020008C702000800000000FB
:1002900000000000C7020008DFF80CD000F0D0FC1E
:1002A00000480047B9EE000888200024064880472F
:1002B00006480047FEE7FEE7FEE7FEE7FEE7FEE74B
:1002C000FEE7FEE7FEE7FEE701C500089902000829
:1002D00070B582601D460170C9000446184600F0E2
:1002E00080F9656070BD2DE9F0012DED088B944615
:1002F0004668856807784FEA131895ED000AD5ED32
:10030000010A95ED021AD5ED031A404695ED042A2F
:10031000D6ED002A96ED013A143500287DD0D1EDB6
:10032000003A91ED014AD1ED027AB0EE626A00EE38
:10033000236A91ED038A00EEA33AD1ED048A61EEBF
:10034000239AD1ED056A01EE863A91ED069A42EEC6
:10035000069AD1ED072A00EE043AD1ED085A40EE94
:10036000849AD1ED093A21EE047A91ED0A4A41EEE0
:10037000839AD1ED0B4A02EE037A91ED0C5A40EECE
:10038000279A91ED0DBA00EEA77AD1ED0EAA61EE93
:10039000277A91ED0FAA01EEA97A403142EE297A2F
:1003A00000EE087A40EE887A21EE088A41EE877ADC
:1003B00002EE078A40EE287A00EEA88A61EE288ACB
:1003C00001EEA78A42EE278A00EE268A40EEA68A30
:1003D00061EE266A41EE888A42EE086A40EE098A9A
:1003E00040EE896A21EE099A41EEA86A02EE289A47
:1003F00040EE226A00EEA29A61EE222A01EEA69A4F
:1004000042EE262A00EE259A40EEA52A61EE255AF4
:1004100041EE892A42EE095A00E06BE040EE232AC1
:1004200040EEA35A61EE233A41EEA25A42EE223A3E
:1004300040EE045A40EE843A21EE044A41EEA53AD9
:1004400002EE254A40EE243A00EEA44A61EE244A28
:1004500001EEA34A42EE234A00EE054A40EE854AE9
:1004600021EE055A8CED006A41EE844A8CED013A8A
:1004700002EE045ACCED029A40EE0B4A8CED037A60
:1004800000EE8B5ACCED047A21EE0B6A8CED058AD6
:1004900001EEA45ACCED068A02EE246ACCED076A7E
:1004A0008CED089A00EE2A5ACCED092A00EEAA6AD1
:1004B000CCED0A5A61EE2A2ACCED0B3A01EE856AA0
:1004C0008CED0C4A42EE052ACCED0D4A00EE0A6A8C
:1004D0008CED0E5A40EE8A2A8CED0F6A21EE0A3A14
:1004E000401E41EE862A0CF1400C02EE063A00282E
:1004F0007FF415AF03F00F04CCB191ED004AF0EE9C
:10050000623A40EE043A091DF0EE432A40EE842A96
:10051000CCED003A21EE044A0CF1040C41EEA32A82
:10052000641EB0EE443A02EE233A002CE5D1C6ED4B
:10053000002A86ED013A7F1E083611468C46002FB0
:100540007FF4DBAEBDEC088BBDE8F00170472DE910
:10055000F05F0546002092469B4688460646814647
:1005600040241BE0284641464746224600F05DF9FC
:1005700053465A46C01A914110D311461846224696
:1005800000F044F92D1A67EB01084F46224601207E
:10059000002100F03BF917EB00094E41201EA4F1A9
:1005A0000104DFDC484631462A464346BDE8F09F59
:1005B00040EA01039B0703D009E008C9121F08C0E5
:1005C000042AFAD203E011F8013B00F8013B521E65
:1005D000F9D27047D2B201E000F8012B491EFBD2DC
:1005E00070470022F6E710B513460A46044619463E
:1005F000FFF7F0FF204610BD421C10F8011B002938
:10060000FBD1801A704710B5002200E0521C835CB9
:100610008C5CA34201D1002BF8D1D8B2E1B2401AD0
:1006200010BD30B504460020034600E05B1C934239
:1006300003D2E05CCD5C401BF8D030BD30B5054640
:100640000020034600E05B1C934205D2EC5CC85CD2
:10065000201A01D1002CF6D130BD00000FB400B536
:100660008DB010A909900B9000914FF0FF300A90C7
:1006700000200C9005480690054807906A4609A896
:100680000F9900F0F7F80DB05DF814FB9108000821
:10069000AF0800082DE9FF5F1D464FF0FF3BD5E98D
:1006A000014691465F464FF00008A9697F1C0198FA
:1006B0008847296A824688470028F6D1BAF1FF3F69
:1006C0000CD024F4C064002E19DD600614D5BAF1F4
:1006D0002B0F09D0BAF12D0F0ED103E0584604B00C
:1006E000BDE8F09F44F48064A9697F1C01988847A5
:1006F000761E8246002E02DDBAF1300F03D0B9F12A
:10070000000F26D032E0A969761E44F400747F1CE5
:10071000019888478246002E05DDBAF1780F06D091
:10072000BAF1580F03D0B9F1000F10D01EE0B9F1A3
:10073000000F02D0B9F1100F18D1A969761E24F468
:1007400000747F1C019888478246102002E0082030
:1007500000E00A20814609E008FB0908A969761E25
:1007600044F400747F1C019888478246002E05DD02
:100770004946504600F069F80028EDDAE969019829
:100780008847A00502D46FF00100A8E7E00725D153
:10079000600613D5600502D5C8F1000000E04046B0
:1007A00029680A1D2A600968220501D5087015E02C
:1007B000220701D5088011E008600FE02868011DBC
:1007C00029600068210502D580F8008006E0210735
:1007D00002D5A0F8008001E0C0F8008038467EE72E
:1007E00030B50B46014600202022012409E021FA01
:1007F00002F59D4205D303FA02F5491B04FA02F5FE
:100800002844151EA2F10102F1DC30BD202A04DBD0
:10081000203A00FA02F1002070479140C2F1200313
:1008200020FA03F3194390407047202A04DB203A52
:1008300021FA02F00021704721FA02F3D040C2F100
:10084000200291400843194670473A2800D23038B8
:1008500020F02002412A01D3A2F13700884201D3BF
:100860004FF0FF30704700000268114413780160B8
:1008700018467047D1600449516104491162002152
:100880001161114600F006BA69080008890C0008D9
:10089000426842B1016811F8013B23B1521EC0E920
:1008A0000012184670470121C160881E70474268D7
:1008B0005AB1C368016843B983688B4205D0491EA9
:1008C000521CC0E90012002070474FF0FF30704703
:1008D0002DE9FE4F804681EA0300C00F0C460090D0
:1008E00021F0004123F00045B8EB0200A94105D2F8
:1008F0004046214690461C460B46024623F00040E7
:10090000104347D0270DC7F30A00C3F30A510290E2
:10091000401A019040286BDAC3F3130040F4801BA7
:100920000098924620B10023D2EB030A63EB0B0B35
:1009300001985946C0F140025046FFF767FF06464E
:100940000D4650465946019A00F08CF910EB08000C
:100950006141002487EA115284EAE7731A4340D0C8
:10096000009A62B3019A012A4FEA075215DC001B74
:1009700061EB02014FF0004202EA0752CDE900426A
:10098000001C41F5801132462B4600F028FB03B0D5
:10099000BDE8F08F40462146F9E7001B61EB0201FC
:1009A000001C41F5801300185B412018A2F50017C8
:1009B00047EB030140EAD570B6196D4111E06D08AF
:1009C0004FEA360645EAC0754FEA0752001B61EB55
:1009D0000201001C41F5801149084FEA300000195E
:1009E000514132462B4603B0BDE8F04F00F0E8BA63
:1009F0000098012240000023D0EB020263EBE07379
:100A0000009821464FEAE074B8EB000061EB040166
:100A1000E9E783F000435BE781F0004158E72DE907
:100A2000FE4F81EA030404F0004421F000410094E9
:100A30004FF0000B23F0004350EA01045ED052EA6D
:100A400003045BD0C3F30A54C1F30A552C44A4F247
:100A5000F3340194A0FB0254C1F3130141F480115B
:100A6000C3F3130343F4801301FB024400FB034E62
:100A7000840A970A44EA815447EA8357A4FB07682B
:100A800002958D0A05FB07854FEA932C04FB0C5455
:100A90002705029D4FEA065847EA1637B5EB0805C9
:100AA0006EEB070C870E920E47EA811742EA83121B
:100AB000A7FB0201B6EB0B0164EB00042B0D43EA2C
:100AC0000C335E1844EB1C50DA465146E7FB02013A
:100AD000C5F313044FEA0B3343EA14534FEA0432CD
:100AE000019C43EA0603A4F10C040294009CCDE9A6
:100AF00000B400F074FA03B0BDE8F08F00200146A6
:100B0000F9E72DE9F04D81EA030404F0004B21F0F0
:100B1000004514464FF0000A23F0004150EA050258
:100B200020D054EA01021DD0C5F30A570246C5F38E
:100B30001303C1F31300C1F30A5640F4801543F4C4
:100B40008013A7EB0608101BD64608F2FD3873EB9E
:100B5000050002D308F1010801E092185B41B8F1E9
:100B6000000F03DA00200146BDE8F08D00204FF4AD
:100B70008011064684460EE0171B73EB050705D36C
:100B8000121B63EB050306434CEA010C49084FEACC
:100B9000300092185B4150EA0107EDD152EA0300A0
:100BA00012D082EA040083EA0501084305D0101B35
:100BB000AB4106D20122002306E000224FF00043A1
:100BC00002E06FF0010253101AEB06004CEB0851E3
:100BD00010EB0A0041EB0B01BDE8F04D00F0F0B95D
:100BE000C1F30A52C1F3130140F2FF3341F4801103
:100BF0009A4202DA00200146704740F233439A429B
:100C0000A2F2334202DC5242FFF70FBEFFF7FEBDF5
:100C100030B5041E71F1000404DB4FF00044404283
:100C200064EB0101141E73F1000405DB1C464FF058
:100C30000043524263EB0403994208BF904230BD27
:100C4000064C074D06E0E06840F0010394E8070019
:100C500098471034AC42F6D3FFF722FBB0290108C5
:100C6000D0290108202A06DBCB17203A41FA02F0EE
:100C700043EAE07306E041FA02F3D040C2F12002F9
:100C80009140084319467047C0B24FF4F05100F04C
:100C9000F5B900002DE9F34F8BB04FF0000801F1DA
:100CA0000C000C464FF0010B46460DF1080A01906E
:100CB0006269012101989047051E2DD0252D2CD069
:100CC000216A8847C0B16269012101989047216A71
:100CD00088470028F7D1411E62690198904700E0DB
:100CE000761CA1690B988847216A88470028F7D1AC
:100CF000E1690B988847DBE7A1690B9888470746AD
:100D0000A84201D1761CD3E7E1690B9888477F1C84
:100D100002D1B8F1000F6FD046E1002762693D466D
:100D20003946019890472A2804D162690121019827
:100D300090470125DFF8849262690121019890476C
:100D4000A0F130010A290AD24F45E5DC07EB870103
:100D500000EB4107303FDFD445F01005ECE7E90632
:100D600001D46FF000476C280AD04C2814D06828B2
:100D700015D06A280DD074281CD07A281AD01DE00E
:100D800062690121019890476C2802D045F0040562
:100D900014E045F002050DE045F020050AE0626927
:100DA000012101989047682802D045F0080505E028
:100DB00045F400656269012101989047C4E9015733
:100DC00065283DD019DC58287AD00CDC452837D06E
:100DD00004DC252826D0412831D131E046282FD007
:100DE00047282CD12CE05B2877D0612828D06328B5
:100DF0007CD0642823D15AE0D0E06F2848D008DCAA
:100E000066281DD067281BD0692821D06E2816D1EE
:100E100027E0702845D0732868D0752847D07828F7
:100E20000DD14DE0A1690B988847054625283FF470
:100E300069AFE1690B9888476D1C3FF46AAFB3E076
:100E400023466A466FF001000B99AFF300809EE0E5
:100E500045F040006060A80723464FF0000236D4FA
:100E60003EE0E8077FF447AF2068011D216000687D
:100E7000290501D506701BE7290701D5068017E76C
:100E8000A90703D5F117C0E9006111E706600FE774
:100E900045F040006060A80723464FF0080216D4D2
:100EA0001EE040F60E0125EA0100606016E045F004
:100EB00040006060A80723464FF00A0207D40FE005
:100EC00045F040006060A80708D5234610226FF067
:100ED00001000B99AFF3008059E007E02346102290
:100EE0006FF001000B99FFF7D5FB50E04FF00009C0
:100EF0004F464B46632802D05B2806D040E0E80608
:100F000001D40120A06001273AE062690121019823
:100F100090475E2805D14FF0010962694946019862
:100F20009047216939B900210A46534643F82120E8
:100F3000491C0829FADBB0B3216969B9C11700EB74
:100F4000D16253110AEB830122F01F02821A0120A1
:100F50000B68904003430B60626901210198904740
:100F60005D28E8D1B9F1000F09D00020514651F8B1
:100F70002020D24341F82020401C0828F7DB02AB98
:100F8000224600976FF001000B99AFF30080002814
:100F90000CDA401C08D1BBF1000F05D04FF0FF3038
:100FA0000DB0BDE8F08FFFE74046F9E7E90701D152
:100FB00008F1010806444FF0000B79E6CCCCCC0CCC
:100FC00010B5141E73F1000408DA401C41F1000151
:100FD00092185B411A4301D120F0010010BD2DE9A8
:100FE000F04D92469B4611B1B1FA81F202E0B0FA9F
:100FF00080F220329046FFF709FC04460F4640EA93
:101000000A0041EA0B0153465A46084313D01146E1
:1010100053EA010019D0C8F140025046FFF705FC21
:1010200005460E46504659464246FFF7EFFB084339
:1010300005D0012004E020463946BDE8F08D0020AF
:10104000054346EAE0762C4337430A986305E40AF1
:10105000A0EB08000022FD0A44EA47540A3002D5FA
:1010600000200146E9E7010510196941DDE908455D
:1010700000196941BDE8F04DA2E700007F2801D9C1
:10108000002208E0064A02EB5002C007127800D1A5
:10109000120902F00F020120904008407047000042
:1010A000B00A010800000000042888BF7047102122
:1010B000DFE800F00A0305070900202104E04021D1
:1010C00002E0802100E0F02140F20F02C2F2004273
:1010D000117000200121012300F00EBA0000000071
:1010E00070B540F60044C5F6020420464FF4804136
:1010F000002207F091F904F5806630464FF4007144
:10110000012207F089F904F5C05528464021002244
:1011100007F082F928464FF40071002207F07CF9AD
:1011200020460121002207F077F930468021002275
:1011300007F072F920464FF40041002207F06CF9E5
:1011400020460221002207F067F930464FF48071F3
:10115000002207F061F930464FF48061002207F069
:101160005BF904F5E05420460421002207F054F90D
:1011700028464FF40061002207F04EF92046022174
:101180000022BDE8704007F047B9000000000000F1
:1011900010B541F20004C5F6020420468021002269
:1011A00007F03AF902200DF067FE20468021012267
:1011B00007F032F905200DF05FFE20468021002265
:1011C00007F02AF90220BDE810400DF055BE0000DE
:1011D00010B582B02EA00FF07DFBEFF3108072B639
:1011E000FFF77EFF30A00FF075FB32A00FF072FB0F
:1011F00042F210700DF040FE00F09EF836A00FF0A5
:1012000069FB4CF250300DF037FE00248DF806409B
:10121000D320ADF8040001AA01200321012300F02E
:101220006BF930A00FF056FB42F210700DF024FE67
:101230008DF802404FF44070ADF800006A4603207C
:101240000321012300F058F929A00FF043FB42F2DB
:1012500010700DF011FE00204FF47A7100F0D0F8FC
:1012600026A00FF037FB0020002100F085F826A013
:101270000FF030FB00F020F926A00FF02BFB002030
:10128000FFF712FF62B626A00FF024FB02B010BDDC
:101290004144393935395F496E697420737461721C
:1012A000742E2E2E0D00000020204750494F206F35
:1012B0006B0D00002020536F6674776172652053B8
:1012C00050493A2053434C4B3D504A362C2053440E
:1012D000303D504A390D000020205265736574205E
:1012E0006F6B0D002020465231206F6B0D00000007
:1012F0002020434652206F6B0D00000020204672D4
:101300006571206F6B0D00002020416D70206F6BA8
:101310000D000000202053796E63206F6B0D0000DC
:101320004144393935395F496E697420646F6E659F
:101330002E0D00000000000010B540F60044C5F678
:10134000020420460121002207F066F80A200DF071
:1013500093FD20460121012207F05EF832200DF0B6
:101360008BFD20460121002207F056F86420BDE8DD
:1013700010400DF081BD00009FED1F0AB1F5107FF8
:1013800028BF4FF410719FED1D1A02EE101AB8EE2F
:10139000422A82EE000A20EE010A40F20C01C2F25B
:1013A00000410022BCEEC00A0A7010EE102A8A70BA
:1013B000102343EA12224A70032888BF704780B581
:1013C000C00042F21001C8F2400121FA00F040F2E0
:1013D0000F02C2F20042107000200121002300F031
:1013E0008BF840F20C02C2F20042062003210123D6
:1013F000BDE8804000F080B80000104400C07F4489
:10140000B0B5044646F20055C1F6CD55A94238BFE5
:101410000D4623A021462A460DF0BAFD9FED1E0B76
:1014200001EE105AB8EE411B21EE000BBCEEC00BD2
:1014300010EE100A40F27601C2F20041C870020AB2
:101440008A70020C4A70000E0870042C88BFB0BD70
:101450001020DFE804F00A0305070900202004E05B
:10146000402002E0802000E0F02040F20F02C2F2B3
:101470000042107000200121002300F03DF840F2EE
:101480007602C2F20042042004210123BDE8B040EC
:1014900000F032B800BF00BF95D626E80B2E2140E1
:1014A0005365744672657120434825643D2575482F
:1014B0007A0D0A000000000080B582B01020ADF85F
:1014C00006000020ADF804000DF106020220022102
:1014D000012300F011F80A200DF0CEFC01AA022031
:1014E0000221012300F008F80A200DF0C5FC02B02B
:1014F00080BD0000000000002DE9F04F81B0009396
:1015000093468846824642F20046C5F60206A6F594
:10151000A059002548464FF40071002206F07CFFD8
:1015200002200DF0A9FC0AF07F0700BF30464021E1
:10153000002206F071FF01200DF09EFC78B2B0F1A0
:10154000FF3F30464FF40071CCBF0022012206F06D
:1015500063FF01200DF090FC30464021012206F08F
:101560005BFF02200DF088FC7F000135E8B20828FF
:10157000DCD3B8F1000F2BD0002500BF1BF805709D
:10158000002400BF30464021002206F045FF012024
:101590000DF072FC78B2B0F1FF3F30464FF40071AD
:1015A000CCBF0022012206F037FF01200DF064FCC1
:1015B00030464021012206F02FFF02200DF05CFC96
:1015C0007F000134E0B20828DCD301354545D5D190
:1015D00030464021002206F01FFF01200DF04CFC98
:1015E00048464FF40071012206F016FF02200DF06C
:1015F00043FC009801281CBF01B0BDE8F08F01B08A
:10160000BDE8F04FFFF7C4BD2DE9F04188B01546A5
:101610008846064600240794CDE90544CDE90344F5
:10162000CDE9014440F27C07C2F20047384604F09D
:10163000AFFDFE62012D4FF0000088BF0120F86071
:10164000BD61384604F064FBD0BB0620029040F236
:101650000010C2F2801001900420039040F2FF714C
:10166000CDE9041006948DF81D4040F27C06C2F2CC
:10167000004601A9304603F0AFFF08BB022D0ED390
:101680000C20029048F20000C3F6F060019040F296
:101690007C00C2F2004001A903F09EFF80B940F235
:1016A000E005C2F20045284605F006FBC5F81C809F
:1016B000284606F0D5F8002802BFAE63F564002086
:1016C00008B0BDE8F081000040F68870C2F200402A
:1016D000007870470000000070B50446002804BF81
:1016E000012070BD40F68875C2F2004500202870C8
:1016F00040F27401C2F20041087040F68476C2F2F2
:101700000046306040F27501C2F2004108700320CB
:101710004FF480710122FFF777FF00B170BDBFF376
:101720004F8F002040F20001C3F200014EF65C72C0
:10173000CEF20002431813602030B0F5806FF9D16B
:10174000BFF34F8FBFF36F8F01202870346040F2DA
:101750007C00C2F2004040F20001C3F200014FF4ED
:10176000007204F089FC04460020002C08BF70BD04
:1017700030602870012000210222FFF745FF20463B
:1017800070BD00000000000010B540F68470C2F289
:1017900000400024046040F68870C2F200400470EB
:1017A00040F27C00C2F2004004F0F2FC0120002173
:1017B0000222FFF729FF40F27400C2F200400470D9
:1017C00010BD000000000000B0B50446006840F401
:1017D000807042F20011C4F20201884204D142F248
:1017E0000830C4F2020003E046F20830C5F60200F9
:1017F000006810F4403F10D008F0CAF90546606850
:10180000B0F5803F05D0B0F5403F22D0B0F5003FA5
:1018100020D1000CB5FBF0F51CE04FF400200021B6
:1018200007F00AF905466068A0F580214FEAB1414A
:101830000A290FD8DFE801F0060606060606494B1E
:101840004D4F510047F6FE7101EA5040B5FBF0F5EF
:1018500000E0AD0806F0E8FD41F2030188420DD832
:101860002068816842F60152C0F2311295422CBFC5
:1018700041F4807121F480718160B0BD4BF621404C
:10188000C0F2BE00854205D82068816821F440710D
:101890008160B0BD47F64100C0F27D10854203D89B
:1018A0002068816801220CE0206881684FF2810283
:1018B000C0F2FA22954282BF41F440718160B0BD0E
:1018C000022262F309218160B0BD2D09C2E76D09D2
:1018D000C0E7AD09BEE7ED09BCE72D0ABAE7000095
:1018E00070B50D460446006809F04EFC06462068B7
:1018F00009F01AFC304360D02068C16811F0007F05
:1019000005D0617D012904BF217D012903D0022D6D
:1019100016D1022524E0016811F0400F0DD14FF0DF
:10192000FF314DF60042C0F20C0200BF013191427E
:1019300039D2036813F0400FF8D04021016001252F
:1019400009F022FC18B1206809F00EFC18B1012D35
:1019500006D1042616E0206809F04EFC012DF8D0CF
:10196000206809F0E1FB30B1206809F0FDFB10B9F7
:10197000206809F0E5FB0426022D08BF0826032D88
:1019800008BF0C2606F058FD054600BF2068806899
:10199000304212D006F050FD401B0628F6D32068D6
:1019A00080683042F2D0606D40F010006065A06D3C
:1019B00040F00100A065012070BD002070BD000056
:1019C00010B5846B626D616D12F0500F06D0C906C0
:1019D0001DD4E16CC96CBDE81040084741F40070AB
:1019E00060652068016811F0080F15D1C06810F01B
:1019F000030F25D1606D20F480706065606D10F478
:101A0000805F02BF606D40F00100606518E0204615
:101A1000BDE8104004F000B809F0BEFB80B12068BA
:101A2000C06810F4005F0BD1606D20F480706065B9
:101A3000606D10F4805F02BF606D40F00100606572
:101A40002046BDE8104003F06FBF0000000000001A
:101A5000806B416D41F040014165816D41F00401B1
:101A6000816503F0D9BF0000806B03F09DBF0000CB
:101A7000B0B50446006809F077FB0546206809F018
:101A800077FB014600203DBB002908BFB0BD2068A0
:101A9000816801F00D0101291FD109F00DFB2068BB
:101AA0000321016006F0C8FC05462068806810F03C
:101AB000010F04BF0020B0BD06F0BEFC401B032890
:101AC00004D32068806810F0010F06D12068806878
:101AD00010F0010FF0D10020B0BD606D40F010009B
:101AE0006065A06D40F00100A0650120B0BD000060
:101AF00070B50446006809F03BFB00281CBF0020BD
:101B000070BD206881683F22C8F20002114209D0EE
:101B1000606D40F010006065A06D40F00100A065B0
:101B2000012070BD09F0DCFA06F086FC054621684C
:101B300042F20002C4F2020202F5807602F540731E
:101B400046F20030C5F60200B14208BF1846914285
:101B500008BF184609F0E4FA2168B1420A4604BFFA
:101B600042F20002C4F20202002818BF8A4204D1E5
:101B70002168086810F0010F09D0002070BD00BF77
:101B800021680A68002012F0010F18BF70BD0846D6
:101B900009F0EEFA10B9206809F0A2FA06F04CFC40
:101BA000401B0328ECD32068006810F0010FE7D138
:101BB000606D40F010006065A06D40F00100A06510
:101BC000012070BD0000000040F27C00C2F2004025
:101BD00003F05ABF00000000FEE700000000000014
:101BE00010B5846B204604F093FC0120207110BDD9
:101BF00010B5846B204604F00BFB0120207110BD52
:101C000010B5846B206940F004002061204604F088
:101C1000DBFC0120207110BD10B5846B206940F001
:101C200004002061204604F0B7FB0120207110BDA4
:101C3000806B04F09DBC0000806B04F0EDBA0000E6
:101C400010B5044600F01CFA40F63430C2F20040F1
:101C50000021016040F67870C2F20040016040F659
:101C60004130C2F200400078002808BF10BD03A038
:101C70002146BDE810400DF08BB900BF5365744696
:101C8000726571204837205041353D256C75487A82
:101C90000D0A000000000000002818BF012040F6D7
:101CA0004131C2F20041087070470000000000009E
:101CB000B0B504469FED0B0A64202146002200F0D7
:101CC0001BFA054608B12846B0BD40F6BC40C0F638
:101CD000010048F28042C0F21E0221460DF058F980
:101CE0002846B0BD0000000000F0D6BA0000000099
:101CF000F0B581B02DED028B84B0B0EE408A144671
:101D00000D46074600F0F8F9064660B9B7EEC80A76
:101D100002978DED000B40F65950C0F601002946A0
:101D200022460DF035F9304604B0BDEC028B01B00F
:101D3000F0BD00000000000010B582B040F6F8745D
:101D4000C2F20044207800281EBF022002B010BD5D
:101D50000A2000F0CDF878BB002148F20000C3F261
:101D600000004FF0082200BF40F821200131B1F5FA
:101D7000007FF9D1BFF34F8F00214EF66872CEF28B
:101D8000000200BF0B1813602031B1F5006FF9D1CC
:101D9000BFF34F8FBFF36F8F0020009040F2C06001
:101DA000C2F2004048F20002C3F2000200214FF4E8
:101DB000007304F049FA08B102B010BD41F67E008C
:101DC000C2F20040012101702170002002B010BD5C
:101DD00041F67E03C2F200431B78B2F5807F18BF44
:101DE0007047012803D8002918BF002B00D1704785
:101DF00010B548F2000CC3F2000C0CEB80234FEA44
:101E0000002E4FF4004000BF31F8024B60F31F3446
:101E100043F8044B013AF7D10CEB8E00BFF34F8F20
:101E200000214EF66872CEF20002BDE8104000BFFD
:101E3000431813602031B1F5806FF9D1BFF34F8F94
:101E4000BFF36F8F70470000B0B52DED0E8B0024EF
:101E50009FED208A9FED209A9FED20AA9FED20BA4A
:101E60009FED20CAB6EE00DA41F27E05C2F20045CF
:101E70009FED1DEA0FE000BF30EE0D0ABCEEC00A78
:101E800010EE100A25F814000134B4F5806F04BF79
:101E9000BDEC0E8BB0BD00EE104AB8EE400A20EE4D
:101EA000080A20EE090A0DF0C7FBB0EE4B1A00EE4F
:101EB0000A1AB5EEC01AF1EE10FAB0EE4C0ADBDBEE
:101EC000B4EECE1AF1EE10FAB0EE410AC8BFB0EE91
:101ED0004E0AD1E7DB0FC9400000803A00E0FF4422
:101EE000000000450000000000F07F4500000000F9
:101EF000B0B58AB0044601AD28462421FEF771FB37
:101F00000020CDE9024040F2C060C2F20040294604
:101F1000002204F045FA08B10AB0B0BD40F2C0603A
:101F2000C2F2004001A9102204F03AFA0AB0B0BD92
:101F3000B5EEC00AF1EE10FA09DA9FED121A00BFF1
:101F400030EE010AB5EEC00AF1EE10FAF8DB9FEDB3
:101F50000D1AB4EEC10AF1EE10FA08DB9FED0A2A61
:101F600030EE020AB4EEC10AF1EE10FAF8DA9FED93
:101F7000071AB6EE002A00EE012ABCEEC20A10EEE5
:101F8000100A70470000B4430000B4C3610B364B25
:101F90002DE9F04F81B048F20001C3F2000101EBDE
:101FA000802A40F63430C2F20040046840F678706F
:101FB000C2F200400568002740F6303BC2F2004BF9
:101FC00040F67478C2F2004840F68079C2F20049C7
:101FD000DBF80010204600F02BF80646D8F8001079
:101FE000284600F025F840EA06404AF82700D9F8CC
:101FF00000000444D9F8000005440137B7F5807F9C
:10200000E6D140F63430C2F20040046040F6787009
:10201000C2F20040056001B0BDE8F08F0000000092
:1020200040F6F870C2F200400078704700000000EF
:10203000800D41F27E02C2F2004232F81000A0F59B
:10204000006041430220CFF6C0708142BEBF002035
:1020500080B2704740F20120C8F2100050FB01101E
:10206000821202EBD07000F500604FF2FF72C0F2F6
:102070003F029142C8BF40F6FF7080B27047000037
:1020800080B5002808BF012044F24021C0F20F01B2
:10209000884238BF014648F28042C0F21E0200204A
:1020A0000023FEF754FA40F68071C2F20041086046
:1020B00080BD00000000000080B59FED0E0A4FF4C7
:1020C0007A7000214FF4FA6200F016F8002818BF69
:1020D00080BD40F60F50C0F6010048F28043C0F2C8
:1020E0001E034FF47A714FF4FA620CF051FF002096
:1020F00080BD00BF000000002DE9F0412DED028BF6
:1021000082B0B0EE408A16460F46054640F6F87893
:10211000C2F2004898F8000008B100247CE01620C4
:10212000FFF7E6FE044620B13EA021460CF030FF4A
:1021300072E0384600F030F940F63031C2F200412A
:102140000860304600F028F940F67471C2F2004190
:10215000086040F63430C2F2004000240460B0EE63
:10216000480AFFF7E5FE40F67871C2F200410860C8
:102170002846FFF785FF0020FFF70AFF0120FFF741
:1021800007FFBFF34F8F48F20000C3F200004EF686
:102190006871CEF2000100BF22180A602034B4F545
:1021A000006FF9D1BFF34F8FBFF36F8F00250095FC
:1021B00040F2C060C2F2004048F20002C3F20002E6
:1021C00000214FF4007304F03FF8044620B121A031
:1021D00021460CF0DDFE1FE041F67E00C2F2004019
:1021E0000570012088F8000040F2D460C2F200407F
:1021F00008F0C6FC044670B1002088F8000040F2E8
:10220000C060C2F20040002104F09AF81AA02146F2
:102210000CF0BEFE00E00024204602B0BDEC028BB4
:10222000BDE8F0815B4441435D2054494D36207444
:1022300072696767657220636F6E66696775726140
:1022400074696F6E206661696C65643A2025640D5F
:102250000A0000005B4441435D206475616C2044CA
:102260004D41207374617274206661696C65643AD3
:102270002025640D0A0000005B4441435D20544961
:102280004D36207374617274206661696C65643ABE
:102290002025640D0A00000040F6F870C2F20040EC
:1022A0000178002908BF704710B50021017041F680
:1022B0007E00C2F20040017040F2D460C2F20040E1
:1022C00008F0BAFC40F2C064C2F20044204600218B
:1022D00004F036F8204600214FF400624FF400630A
:1022E00003F09EFF02A0BDE810400EF0F3BA00BF5D
:1022F0005B4441435D2073746F707065643B205094
:10230000413420616E64205041352061726520683F
:10231000656C64206E65617220312E363520560D55
:10232000000000000000000010B584B000240394F9
:10233000CDE9014444F2E840C5F60200016841F0ED
:1023400010010160006800F010000090009840F259
:10235000D460C2F2004041F20001C4F200017722D1
:10236000C0E90014C0E902428021816108F0BCFB91
:10237000002818BF01F0D0FF03942020019040F204
:10238000D460C2F2004001A908F046FB002818BF43
:1023900001F0C2FF04B010BDC0EB003000F6E44015
:1023A000C0089F21C0F6EE11A0FB01014A0940F2CE
:1023B000FF70824238BF48097047000000000000EB
:1023C000B0B52DED0E8B14460D460146002019B117
:1023D000002D18BF002C02D1BDEC0E8BB0BD9FEDBF
:1023E000370A40F68C70C2F2004090ED091A90ED69
:1023F0000A2A90ED0B8A90ED0CBA03EE101AB8EE93
:10240000433A23EE00EA2EEE010A0EEE408A90EDEA
:102410000D9A2EEE02AA28EE08DA0AEE0ADAB0EEDB
:102420004D0A0DF0D1F9B0EE40CA2EEE0BBA0EEE09
:102430004E9AB4EEC00AF1EE10FA05D7B0EE4D0A8E
:102440000DF0C2F9B0EE40CA2BEE0BDA09EE09DA54
:10245000B0EE4D0A0DF0B8F9B4EEC00AF1EE10FA84
:1024600003D7B0EE4D0A0DF0AFF99FED151AB4EE9B
:10247000C10AF1EE10FABEBF0020BDEC0E8BB0BD5C
:102480008CEE000A85ED000AB0EE4A0AF0EE480A2A
:102490000CF0D2FDB0EE408AB0EE4B0AF0EE490AE5
:1024A0000CF0CAFD9FED071A38EE400A20EE010A33
:1024B00084ED000A0120BDEC0E8BB0BDDB0FC940DE
:1024C0006F12833AE12E6542B0B502F049FC002458
:1024D00000200021FEF750FF01200021FEF74CFFF5
:1024E000FFF79EFD38B1FFF7D7FE40F2CC30C2F2C5
:1024F00000400470B0BD40F2CC34C2F200440C2065
:1025000020709FED090A00254FF47A7064210022A3
:10251000FFF7EEFB00280EBF0CA0257003A0BDE85E
:10252000B0400EF0D7B900BF000000005B4441434B
:102530005D2050413520746573742073746172742A
:10254000206661696C65640D000000005B444143D6
:102550005D2050413520746573743A206D65617358
:10256000757265205041352C2065787065637465FF
:102570006420312E36355620444320616E6420316C
:1025800030306D5670700D0010B502F0E9FB00247C
:1025900000200021FEF7F0FE01200021FEF7ECFEF6
:1025A000FFF73EFD38B1FFF777FE40F2CC30C2F2C4
:1025B0000040047010BD40F2CC34C2F2004406204A
:1025C0002070FFF779FD002808BF10BD00202070A3
:1025D00002A0BDE810400EF07DB900BF5B4441434E
:1025E0005D20746573742073746172742066616910
:1025F0006C65640D0000000010B502F0B1FBFFF740
:102600004BFE00200021FEF7B7FE01200021FEF75F
:10261000B3FE00F0CDFC40F2CC34C2F200440720FF
:10262000207001F0E1FC00280CBF0AA002A00EF00F
:1026300051F90020207010BD5B4441544120464CAC
:102640004153485D2074657374204641494C4544AC
:102650000D0000005B4441544120464C4153485D0D
:1026600020636F6D6D616E64203720636F6D706CD9
:102670006574650D0000000010B502F071FBFFF7F6
:102680000BFE002400200021FEF776FE0120002131
:10269000FEF772FE02F014FB48B140F2CC30C2F2F9
:1026A0000040047005A0BDE810400EF013B940F2E0
:1026B000CC30C2F200400D21017010BD5B4C4F4F79
:1026C000504241434B5D20737461727420666169AE
:1026D0006C65640D0000000010B502F041FBFFF7CF
:1026E000DBFD002400200021FEF746FE0120002132
:1026F000FEF742FE00F078FC88B140F68C70C2F222
:10270000004002F06DFA80B140F2CC30C2F20040DD
:10271000002101700FA0BDE810400EF0DBB840F2C0
:10272000CC30C2F20040047010BD40F2CC30C2F296
:1027300000400A21017042F2B060C0F601000EF0C4
:10274000C9F842F25040C0F60100BDE810400EF05A
:10275000C1B800BF5B4558542052554E5D2073747C
:10276000617274206661696C65640D000000000090
:10277000B0B502F0F5FAFFF78FFD00200021FEF75B
:10278000FBFD012501200021FEF7F6FD40F2CC34CF
:10279000C2F200440920207040F68C70C2F2004062
:1027A00009F0EEF828B100F003FC09A00EF092F851
:1027B0000AE040F6CC70C2F20040057040F68C7022
:1027C000C2F2004009F03CF900202070B0BD00BF0B
:1027D0005B4D4F44454C2053544F524147455D207B
:1027E0006E6F2076616C6964206D6F64656C207219
:1027F00065636F72640D0000B0B502F0B1FAFFF7C7
:102800004BFD002400200021FEF7B6FD0120002131
:10281000FEF7B2FD00F0CCFB40F2CC35C2F2004531
:102820000820287009F0ECFA04A207A1002808BFCC
:10283000114607A00CF0ACFB2C70B0BD636F6D703F
:102840006C657465000000004641494C4544000039
:102850005B4D4F44454C2053544F524147455D20FA
:10286000636F6D6D616E6420382025730D0A000062
:1028700010B5044602F074FAFFF70EFD4CB100F0FB
:10288000B3FB002808BF10BD2046BDE8104000F093
:10289000E7BD40F2CC30C2F200400021017002A03E
:1028A000BDE810400EF016B85B53454C46544553F6
:1028B000545D2073746F707065643B205041342008
:1028C000616E6420504135206172652068656C64DA
:1028D000206E65617220312E363520560D000000C5
:1028E00010B502F03DFAFFF7D7FC00F07DFB0028A1
:1028F00008BF10BD40F68C70C2F20040046974B18C
:10290000C0680BA20CA1042808BF11460CA02246E7
:102910000CF03EFB2046BDE8104000F0A1BD42F2A5
:10292000D070C0F60100BDE810400DF0D3BF00BF6D
:102930006E6F7463680000007065616B00000000DA
:102940005B53454C46544553545D20667265717522
:10295000656E63792073656C656374656420667267
:102960006F6D2073746F7265642025733A20256C37
:102970007520487A0D0A000080B502F0F1F940F2A6
:10298000CC30C2F2004002210170FFF785FC01202B
:102990000021FEF7F1FC09F013FF09F021FF0146C9
:1029A00004A04FF4DC720CF0F3FA0EA0BDE88040F6
:1029B0000DF090BF0D0A5B5461736B20325D2043B4
:1029C00048303D257520487A2C20616D706C697403
:1029D00075646520636F6D6D616E643D25750D0ACC
:1029E00000000000446973636F6E6E656374207449
:1029F0006865206B6E6F776E206D6F64656C20620A
:102A000065666F7265206D6178696D756D2D616D9C
:102A1000706C69747564652074657374696E672E73
:102A20000D00000000000000B0B50C46054602F0A5
:102A300097F940F2CC30C2F2004004210170FFF758
:102A40002BFC01200021FEF797FC28462146BDE81B
:102A5000B04009F041BF0000F0B581B0044602F07B
:102A60007FF940F2CC36C2F2004605203070FFF705
:102A700013FC002700200021FEF77EFC012000212E
:102A8000FEF77AFC00F094FA0CF0EAF80CF0DCF8AF
:102A9000054620460AF0F0FF0AF0F6FD0CF0E0F8DB
:102AA00037700CF0D1F8A8421CBF08A00DF012FF3F
:102AB0000AF0EEFF00280EBF14A042F20010C0F68C
:102AC000010001B0BDE8F0400DF004BF5B5541527C
:102AD000545D20696E7075742072656365697665F2
:102AE00064206F72207265636F766572656420641E
:102AF0007572696E67206C6561726E696E673B20E6
:102B00006469736361726465640D00005B4C4541E8
:102B1000524E204641494C45445D206E6F206E6503
:102B200077206D6F64656C207761732073617665C3
:102B3000643B20636865636B205043352F504133FD
:102B400020776972696E670D0000000000000000C8
:102B500010B50446002808BF10BD2046FDF74CFD07
:102B6000411E1E2900D910BD421C40F20840C2F28D
:102B700000402146FDF71CFD40F22840C2F2004013
:102B800000210170BDE8104000F062B800000000B4
:102B900080B54C2812DC2B2827D02D2830D140F2CC
:102BA000CC30C2F200400078022829D109F018FE8A
:102BB000652829D309F014FE643826E04D2818BF93
:102BC0006D281DD140F2CC30C2F2004000780228BE
:102BD00016D100204FF4DC71FEF7CEFB10A04FF4AD
:102BE000DC71BDE880400CF0D3B940F2CC30C2F2C9
:102BF00000400078022803D109F0F2FD643004E0BF
:102C0000BDE8804000F0B0BA642009F0F1FD014653
:102C100041F26550C0F60100BDE880400CF0B8B943
:102C20000D0A5B5461736B20325D20416D706C69DD
:102C30007475646520636F6D6D616E642072657379
:102C4000746F7265643A2025750D0A00000000005B
:102C500080B586B040F20840C2F2004000F0F8FBB8
:102C600005900078002800F00C8100F0A9F918B157
:102C700000F07AFA06B080BD05A804A900F050FA69
:102C8000F8B1059800F0E4FB01460590027804983D
:102C9000002A08BF022819D0002A08BF032819D02B
:102CA00005281CD1084600F0D3FB0178642918BF21
:102CB000442937D1013000F0CBFB0078C0BB0120A4
:102CC00032E041F67070C0F6010035E0FFF754FEC7
:102CD00006B080BD41F63070C0F601002CE0002A3D
:102CE00008BF06281AD0002A08BF072828D00828BD
:102CF0002AD105A803A900F013FA50B1059800F0F5
:102D0000A7FB0078002802BF039842F2B82188424E
:102D10003BD042F2D020C0F601000DE0FFF734FCBA
:102D200006B080BD21B90020FFF796FE06B080BD39
:102D300042F2A030C0F601000DF0CCFD06B080BD1F
:102D4000FFF75AFC06B080BD002A08BF092818D03A
:102D5000002A08BF0A281CD00A281ED105A803A9EA
:102D600000F0DEF940B1059800F072FB0078002811
:102D700004BF0398002846D042F24000C0F601008C
:102D8000DAE7FFF7F5FC06B080BDFFF735FD06B0CA
:102D900080BDFFF7A1FC06B080BD002A08BF0B284C
:102DA00010D00B2812D105A803A900F0B9F920B161
:102DB000059800F04DFB007888B342F2C000C0F6E1
:102DC0000100B9E7FFF78CFD06B080BD002A08BFFF
:102DD0000C281CD0002A08BF0D281CD00D2823D198
:102DE00005A803A900F09CF940B1059800F030FB5C
:102DF0000078002804BF0398002804D042F2700035
:102E0000C0F6010098E700F0DBFB06B080BDFFF7DD
:102E10005BFB06B080BDFFF72FFC06B080BD0398BA
:102E2000FFF726FD06B080BD04281BD1084600F040
:102E30000FFB0390017841F02001782930D110F880
:102E4000011F002918BF202928D1039003A802A937
:102E500000F066F920B1039800F0FAFA007888B320
:102E60001EA069E740F2CC31C2F200410978022984
:102E700008BF002A07D041F6F070C0F601000DF03F
:102E800029FD06B080BD09F0B3FC014641F2655052
:102E9000C0F601000CF07CF806B080BD0929D4D042
:102EA00005A802A900F03CF950B105A80DF10601F2
:102EB00000F0F6F820B1059800F0CAFA007830B1B9
:102EC00016A039E7029809F0B7FD06B080BDBDF83D
:102ED00006100298FFF7A8FD06B080BD0D0A4361F9
:102EE0006C6962726174696F6E20666F726D617475
:102EF0003A20342058207265666572656E63655F9E
:102F00006D562C20666F72206578616D706C65203F
:102F100034205820323031300D0000000D0A546149
:102F2000736B203420666F726D61743A20342066B2
:102F300072657175656E6379207461726765742C52
:102F400020666F72206578616D706C652034203169
:102F500030303020322E300D000000000000000024
:102F600080B5FEF735F90BF0C3FE40F2CC30C2F26B
:102F700000400021017000204FF47A71FEF740FA02
:102F800000200021FEF7F8F901204FF47A71FEF7D6
:102F900037FA01200021FEF7EFF941F6A070C0F6E4
:102FA00001000DF097FCBDE8804000F0DDB80000A6
:102FB00040F6CC70C2F20040002101707047000062
:102FC00080B540F20840C2F2004000F041FA0178BA
:102FD0003F291CBF002080BD013000F039FA007885
:102FE000B0FA80F0400980BDB0B540F6CC75C2F2B1
:102FF0000045287828B121A00DF06CFC0124204662
:10300000B0BD40F68C70C2F2004008F0B9FC28B1A7
:1030100006A00DF05FFC00242046B0BD01242C70FA
:103020000EA00DF057FC2046B0BD00BF5B4D4F44D5
:10303000454C5D206E6F2076616C6964206D6F6415
:10304000656C207265636F72643B2073656E6420EB
:10305000352066697273740D000000005B4D4F44AB
:10306000454C5D206C6F616465642066726F6D20F5
:103070004441544120464C4153480D005B4D4F4460
:10308000454C5D207573696E672063616368656494
:10309000207265636F726420696E2052414D0D008D
:1030A00070B50E460446006800F0D2F90278A2F12D
:1030B0003001C9B2092919D800214FF62063CFF693
:1030C000FF7300BF51FA82F101EB810103EB410173
:1030D00010F8012FA2F13005EDB20A2DF2D32E2AFD
:1030E00006D14278303AD3B2092B03D9002070BD03
:1030F000002208E0023000BF10F8013B303BDBB299
:103100000A2BF9D3013811444FF6FF72914238BFB0
:103110000A4632802060012070BD000000000000DF
:10312000B0B50C460546006800F092F90178A1F1AF
:103130003002D2B2092A84BF0020B0BD002200BFF5
:1031400002EB8202520052FA81F1A1F1300210F832
:10315000011FA1F13003DBB20A2BF1D328602260FA
:103160000120B0BD0000000080B542F23030C0F652
:1031700001000DF0AFFB42F25010C0F601000DF05F
:10318000A9FB42F21060C0F601000DF0A3FB42F271
:103190001040C0F601000DF09DFB42F28020C0F609
:1031A00001000DF097FB42F2A040C0F601000DF0C7
:1031B00091FB42F2D010C0F601000DF08BFB42F201
:1031C000B050C0F601000DF085FB42F24070C0F631
:1031D00001000DF07FFB42F26060C0F601000DF0CF
:1031E00079FB42F2C030C0F601000DF073FB42F2F1
:1031F0003020C0F601000DF06DFB42F23050C0F6F9
:1032000001000DF067FB42F2E040C0F601000DF056
:1032100061FB42F62000C0F601000DF05BFB42F2BC
:103220009070C0F601000DF055FB42F20070C0F640
:1032300001000DF04FFB42F25030C0F601000DF0DE
:1032400049FB42F27050C0F601000DF043FB42F220
:103250009000C0F601000DF03DFB42F2A010C0F658
:1032600001000DF037FB42F20030C0F601000DF016
:1032700031FB0BA00DF02EFB42F67000C0F60100F2
:103280000DF028FB42F6B000C0F601000DF022FB65
:103290000BA00DF01FFB18A0BDE880400DF01ABB7D
:1032A0000D0A5461736B2032206672657175656E0C
:1032B000637920636F6D6D616E64733A0D00000079
:1032C00020206D20202020202020202020202020B1
:1032D000202020203A20726573746F726520616D22
:1032E000706C697475646520636F6D6D616E6420C8
:1032F0003434300D0000000020203F20202020200A
:103300002020202020202020202020203A20736808
:103310006F772068656C700D0A0D000000000000DA
:103320002DE9F04381B001F04BFA40F2CC34C2F207
:10333000004420780D2818BF0A2805D101F014F99F
:10334000002804BF002020700DF1030000F044F9B4
:10335000002800F0678040F22847C2F200470FF2D1
:10336000CC080DF1030540F20844C2F200440026E7
:103370000FF2BC0902E06D280AD149E09DF8030074
:103380000C2813DC082821D00A2813D0397831B34F
:10339000A0F12002D2B25E2A3DD81E293CD84A1C98
:1033A0003A7060540DF090FA36E000BF7F280DD0DF
:1033B0000D28EBD1387800282ED026543E70484690
:1033C0000DF088FAFFF744FC26E000BF38780028AB
:1033D00022D00138387040460BF0DAFD1CE0A0F135
:1033E0002B02222AC7D8DFE802F01312131212129E
:1033F00012121212121212121212121212121312AC
:103400001212121212121212121212121300BFE72B
:10341000FFF7BEFB00E03E70284600F0DDF8002814
:103420007FF4ACAF01B0BDE8F08300BF0820080016
:103430000D0000000000000080B509F0D9F9014638
:1034400041F26550C0F60100BDE880400BF0A0BD20
:10345000017820291CBF092970470130F8E70000D6
:103460002DE9F0412DED028B86B0044605A904AA92
:10347000FEF7A6FF50B39DED058A4FF0000800202F
:103480000021FDF779FF01200021FDF775FF9FED79
:103490001E0AB6EE001A08EE001A40F2CC37C2F24D
:1034A00000470B20BCEEC11A38709DED040A11EEE6
:1034B000105A6426204664212A46FEF719FC48B1BA
:1034C00087F8008011A00DF005FA18E019A00DF0A2
:1034D00001FA14E09DED050A9DED041AB7EEC11A3C
:1034E000B7EEC00ACDE902658DED001B53EC102B41
:1034F00041F21850C0F6010021460BF049FD06B01C
:10350000BDEC028BBDE8F0810000C8425B53454C26
:1035100046544553545D204837206475616C2D44F2
:103520004143207374617274206661696C65640D37
:10353000000000005B53454C46544553545D206DDC
:103540006F64656C20726573706F6E736520636164
:103550006C63756C6174696F6E206661696C65641B
:103560000D0000000000000010B501F0F9FBFEF7AF
:1035700093FE002400200021FDF7FEFE0120002123
:10358000FDF7FAFE40F2CC30C2F20040047002A017
:10359000BDE810400DF09EB90D0A5B434F4E5452EA
:1035A0004F4C5D20616C6C206F7574707574732066
:1035B00073746F707065640D0000000000000000FF
:1035C00080B501F0CDFBFEF767FE40F2CC30C2F2D1
:1035D00000400021017080BD0BF06ABB00000000BC
:1035E00040F2E000C2F2004003F0D2BC0000000054
:1035F00040F25810C2F2004003F0CABC00000000C4
:10360000016840F20F42C4F20202914210DC6F22C4
:10361000C4F20202914220DC3F22C4F20202914233
:1036200036DC1022C4F20202914254D028224EE02D
:1036300040F26F42C4F2020291421ADC40F23F4271
:10364000C4F2020291422ADC40F21042C4F20202A9
:10365000914240D040F2284239E09F22C4F2020257
:10366000914225DC7022C4F20202914233D08822BA
:103670002DE040F29F42C4F2020291421FDC40F270
:103680007042C4F20202914225D040F288421EE00C
:103690004022C4F2020291421DD0582217E040F2AB
:1036A0004042C4F20202914215D040F258420EE06C
:1036B000A022C4F2020291420DD0B82207E040F2EB
:1036C000B842C4F20202914205D040F2A042C4F2D4
:1036D000020291421BD1D0F800C06FF00F0252FAE3
:1036E0008CF24AF6AB23CAF6AA23A2FB0331C1F33C
:1036F000021109A3595CC16540F2FF312CEA0101B6
:103700005F2A88BF41F0040181650846704701685F
:1037100021F0FF01F8E700BF0006101600061016A2
:1037200010B5026845F29441C5F6020145F24343E3
:10373000C5F602039A420EDD45F26B43C5F602035D
:103740009A4217DC45F24443C5F602039A421DD063
:1037500045F2584316E045F20843C5F602039A4283
:103760001EBF45F21C43C5F602039A420ED045F235
:10377000304307E045F28043C5F602039A4205D084
:1037800045F26C43C5F602039A4217D10378A3F1C0
:1037900008024CF6CD43CCF6CC43A2FB03231B0915
:1037A00001F57B7201F55B7101EB830103F01F03EF
:1037B000012404FA03F360300EC010BD03788A427E
:1037C000E5D0A3F110014AF6AB23CAF6AA23A1FB68
:1037D000031C4FF0080E4FEA1C1140F20F44C4F2D4
:1037E0000204A2420B4688BF0EEB1C13AA34A2426D
:1037F00028BF0B4640F60001C4F2020101F180022D
:10380000D2E700000000000001790139072988BFD4
:103810007047026845F24343C5F602039A420EDD43
:1038200045F26B43C5F602039A4217DC45F2444366
:10383000C5F602039A421DD045F2584316E045F200
:103840000843C5F602039A421EBF45F21C43C5F663
:1038500002039A420ED045F2304307E045F280431E
:10386000C5F602039A4205D045F26C43C5F6020341
:103870009A420ED14FEA810C45F60013C5F60203B9
:103880009C444033012202FA01F1C0E91BC34167A5
:1038900070474FEA810C45F29443C5F602039A4201
:1038A000EAD040F60013C4F20203E9E7000000008A
:1038B00082695AB1816AB2F5005F0FD103290BD832
:1038C000DFE801F00213021801207047816A022923
:1038D0000BD001290ED041B10020704703293CBF15
:1038E000012070471CBF0020704790F82F0000F0A7
:1038F00001007047C06AA0F1C070B0FA80F04009C2
:10390000704700000000000070B5D0F800E0D0F86B
:1039100058C040F26F44C4F20204A64516DC9F254D
:10392000C4F20205AE452CDC5725C4F20205AE45B3
:103930004FDC1025C4F20205AE451EBF2825C4F297
:103940000205AE4500F0868040256BE045F22F452C
:10395000C5F60205AE4527DC40F2B745C4F20205C4
:10396000AE4542DC40F27045C4F20205AE451EBFD2
:1039700040F28845C4F20205AE456BD040F2A04546
:1039800050E040F22745C4F20205AE453CDCA025DC
:10399000C4F20205AE451EBFB825C4F20205AE450D
:1039A00058D040F210453DE045F26B45C5F60205A2
:1039B000AE453CDC45F23045C5F60205AE451EBFBE
:1039C00045F24445C5F60205AE4543D045F258459B
:1039D0003BE05825C4F20205AE451EBF7025C4F277
:1039E0000205AE4536D088251CE040F2B845C4F249
:1039F0000205AE451EBF45F20845C5F60205AE45B7
:103A000028D045F21C4520E040F22845C4F20205CA
:103A1000AE451EBF40F24045C4F20205AE4519D086
:103A200040F25845C4F20205AE4513D0DDE045F240
:103A30006C45C5F60205AE451EBF45F29445C5F678
:103A40000205AE4506D045F28045C5F60205AE45F5
:103A500040F0CB80D0E919566E60C56E002D1CBFBA
:103A6000D0E91C566E60A64515DC9F24C4F2020402
:103A7000A6452BDC5724C4F20204A6454EDC1024D4
:103A8000C4F20204A6451EBF2824C4F20204A645BF
:103A900071D040246BE045F22F44C5F60204A645E0
:103AA00027DC40F2B744C4F20204A64542DC40F2EF
:103AB0007044C4F20204A6451EBF40F28844C4F21A
:103AC0000204A64557D040F2A04450E040F22744FB
:103AD000C4F20204A6453CDCA024C4F20204A645BC
:103AE0001EBFB824C4F20204A64544D040F21044DC
:103AF0003DE045F26B44C5F60204A64550DC45F2B4
:103B00003044C5F60204A6451EBF45F24444C5F63E
:103B10000204A64557D045F258444FE05824C4F259
:103B20000204A6451EBF7024C4F20204A64522D09A
:103B300088241CE040F2B844C4F20204A6451AD01E
:103B400045F20844C5F60204A6453CD045F21C44A3
:103B500034E040F22844C4F20204A6451EBF40F2FD
:103B60004044C4F20204A64505D040F25844C4F2D1
:103B70000204A64539D1C66D06F01F063F2505FA99
:103B800006F6CCF808600468266826F480262660CD
:103B90006360806840281EBFA160E26070BD1FE0C6
:103BA00045F26C44C5F60204A6451EBF45F28044AA
:103BB000C5F60204A64506D045F29444C5F60204B3
:103BC000A64518BF70BDC66D06F01F06012505FA93
:103BD00006F6CCF80460046863608068402802D16F
:103BE000A260E16070BDA160E26070BD00000000F5
:103BF00001700271110E4170110C8170110AC170B7
:103C0000704700000000000040F20040C5F60200CE
:103C10004FF48051012204F0FFBB000000000000BF
:103C200010B582B0B7208DF8070000F025FB08B171
:103C3000012409E000F0CCF90DF10700012100F0AA
:103C40009BFA0446FFF7E0FF204602B010BD0000DB
:103C5000B0B582B0054601240020B0EB556F26D1E7
:103C600040F22070C2F20040007800B300F090FAF9
:103C700008B101241BE000F0FFFA08B1012416E0AE
:103C800040F6FF7025EA00020DF1030420462021D2
:103C9000FFF7AEFF00F09CF92046052100F06CFA1A
:103CA0000446FFF7B1FF14B900F072FA044620464B
:103CB00002B0B0BD00000000F0B585B040F2207643
:103CC000C2F20046307810B1002005B0F0BD40F2DD
:103CD000D010C2F20040006843F60001C4F20001B7
:103CE000884201D02FA048E044F2E040C5F602002F
:103CF000016841F002010160006800F002000090DC
:103D0000009840F20044C5F602044FF480550127A4
:103D100020464FF48051012204F07EFB00950020E4
:103D20000490CDE90177022003906946204604F013
:103D30009FFA00F029F900F0D3F840F63C37C2F2C0
:103D400000473860C0F30745C0F30722C4B21FA084
:103D5000294623460BF01CF9EF2D0DD1192C11D15A
:103D600001203070FFF75CFFA0B10020307041F2FD
:103D7000F070C0F6010000E01FA00CF0ABFD0120C8
:103D800005B0F0BD40F62A60C0F6010021460BF0F8
:103D9000FFF8F4E7396840F66860C0F601000BF000
:103DA000F7F891E75B4441544120464C4153485D4C
:103DB0002053504932206973206E6F7420696E69F8
:103DC0007469616C697A65640D0000005B4441545C
:103DD0004120464C4153485D204A454445432049D3
:103DE000443A202530326C58202530326C5820253A
:103DF00030326C580D0A00005B4441544120464C5F
:103E00004153485D20756E65787065637465642004
:103E10006D616E7566616374757265722049440DDB
:103E20000000000000000000C0F1007200238A4280
:103E30004FF0000128BF0121B0F1007F38BF0123FE
:103E400003EA0100704700002DE9F04782B01446F4
:103E50000D46824600291FBF40F22070C2F200408A
:103E60000078002806D1002C18BF0124204602B09B
:103E7000BDE8F08750462146FFF7D6FF0028F2D074
:103E800024B30DF103084FF6FF7900BF404603212C
:103E90005246FFF7ADFE4C454FF6FF7638BF26463B
:103EA00000F096F84046052100F066F9074678B91B
:103EB000B1B2284600F05CF80746FFF7A5FE5FB9EF
:103EC000A41B3544B244E1D10024CFE70024CDE760
:103ED000FFF79AFE3C46C9E73C46C7E700000000F2
:103EE00010B582B09F208DF8070000208DF80600E5
:103EF000ADF8040000F06CF80DF10700012100F0AE
:103F00003BF910B1FFF780FE07E001A8032100F0A4
:103F10002FF80446FFF778FE14B1002002B010BD60
:103F20009DF804009DF805109DF80620090241EA5D
:103F30000040104302B010BDB0B582B00446052069
:103F40008DF8070000F044F80DF10700012100F0A2
:103F500013F9054620B92046012100F009F805466D
:103F6000FFF752FE284602B0B0BD0000000000007E
:103F70000A46014640F2D010C2F20040642306F027
:103F8000B7BA00000000000010B582B066208DF8BE
:103F9000070099208DF8060000F01AF80DF10700CF
:103FA000012100F0E9F80446FFF72EFE0CB102B043
:103FB00010BD00F00DF80DF10600012100F0DCF855
:103FC000FFF722FE012004F03FF902B010BD00000F
:103FD00040F20040C5F602004FF48051002204F088
:103FE0001BBA000000000000B0B588B00020CDE989
:103FF0000600CDE90400CDE90200CDE9000041A0B2
:104000004FF20004C0F2FF1421460AF0C1FFFFF78F
:1040100053FE08B145A016E02046FFF719FE08B18F
:104020004CA010E041F67000C0F601000CF052FC0C
:104030006D46204629462022FFF706FF40B141F297
:10404000C070C0F601000CF045FC012008B0B0BD06
:10405000002100BF6A5CFF2A16D101312029F9D363
:1040600041F29070C0F601000CF034FC40F63031A3
:10407000C0F601012046202200F0CAF858B141F6EE
:104080004000C0F60100DEE740F6B150C0F6010086
:104090000AF07EFFD9E7694620462022FFF7D4FECA
:1040A00020B141F62000C0F60100CCE740F63034E4
:1040B000C0F601046D46204629462022FCF7B1FADD
:1040C00048B1002101206B5C625C9A4212D101313F
:1040D0002029F8D30CE041F26070C0F601000CF02A
:1040E000F9FB41F6A000C0F601000CF0F3FB002044
:1040F00008B0B0BD40F6E950C0F601000AF048FF34
:10410000A3E700BF0D0A5B4441544120464C415394
:10411000485D207465737420736563746F723D30FD
:10412000782530386C580D0A000000005B4441547B
:104130004120464C4153485D20746573742073746C
:104140006F707065643A20696E6974206661696C8D
:1041500065640D005B4441544120464C4153485D29
:1041600020736563746F7220657261736520666188
:10417000696C65640D0000000A46014640F2D010EB
:10418000C2F20040642306F01BBB000000000000E8
:1041900070B582B004F050F9044600208DF8070095
:1041A00004F04AF9001B41F28836B0420FD80DF1F5
:1041B000070500BF2846FFF7BFFE78B99DF8070046
:1041C000C0070DD004F038F9001BB042F2D99DF8B9
:1041D000071005A00AF0DCFE032002E0012000E049
:1041E0000020C0B202B070BD5B4441544120464C37
:1041F0004153485D20627573792074696D656F75F0
:10420000742C205352313D3078253032580D0A003D
:10421000F0B581B014460D46064600291FBF40F296
:104220002070C2F200400078002805D1002C18BF91
:104230000124204601B0F0BD30462146FFF7F4FDD1
:104240000028F3D094B100BFF0B2C0F58077BC4233
:1042500038BF2746BAB23046294600F021F838B9AF
:10426000E41B3D443E44EFD10024E2E70024E0E7B4
:104270000124DEE70000000010B582B006208DF8B2
:104280000700FFF7A5FE0DF107000121FFF774FFFE
:104290000446FFF7B9FC204602B010BD0000000044
:1042A000F0B583B014460D460646501E80B2FF2876
:1042B00001D9012628E030462146FFF7B5FD20B19F
:1042C000FFF7DAFF18B101261EE001261CE00DF110
:1042D0000707384602213246FFF78AFCFFF778FECF
:1042E00038460521FFF748FF064610B1FFF78CFC62
:1042F0000AE028462146FFF73FFF0646FFF784FC09
:1043000016B9FFF745FF0646304603B0F0BD000082
:104310007047000000000000EFF3108072B600BF8D
:10432000FEE700000000000010B52DED108B0446E4
:10433000C8B1E068002843D094ED090AB5EE400A00
:10434000F1EE10FA11D194ED0A0AB5EE400AF1EE41
:1043500010FA0AD194ED0B0AB5EE400AF1EE10FA0C
:1043600003D10024DAE00024D8E094ED0D0AB5EE84
:10437000C00AF1EE10FA25DD2069411E4DF28E02D1
:10438000C0F2030291421FD89FED690B9FED669B1F
:1043900001EE100AB8EE411B21EE00AB8AEE090BCC
:1043A0000BF032FAB0EE408B0BF086F89FED621BFB
:1043B000B4EEC10BF1EE10FAC8BF8AEE089B05E01F
:1043C0000024ABE00024A9E09FED579B94ED09DAAF
:1043D00094ED0AFA94ED0BEA94ED0C0A94ED0D1AA3
:1043E000B7EEC00A29EE09AB29EE00CBB7EEC1BA91
:1043F0003AEE0C0B30EE0B8B51EC180B0AF0E8FC8C
:1044000060B1B0EE480B0BF057F89FED4D1BB4EECA
:10441000C10BF1EE10FA03DA00247FE000247DE006
:10442000B7EECF0AB7EECD1AB8EE002BB7EECE3A04
:1044300029EE000B2AEE014B3AEE0A5B3BEE0B6BCA
:1044400021EE021B33EE032B3AEE4C7B34EE409B05
:1044500034EE000B36EE454B0AEE012B37EE0B1B0C
:1044600039EE035B30EE030BB1EE443BB1EE411B82
:1044700082EE082B80EE080B85EE084B83EE083B9E
:1044800081EE081B40F2E030C2F20040B7EEC2BB42
:10449000B7EEC00BB7EEC4ABB7EEC39BB7EEC18BA4
:1044A00080ED000A80ED01BA80ED02AA80ED039A4A
:1044B00080ED048A10EE100A0AF09AFC38B31BEE65
:1044C000100A0AF095FC20B31AEE100A0AF090FCCC
:1044D00008B319EE100A0AF08BFCF0B118EE100ABE
:1044E0000AF086FC0024C8B140F2F833C2F200435F
:1044F000C3E9004440F2D430C2F20040012440F24B
:10450000E032C2F200420121FBF7E2FE06E00024A5
:1045100004E0002402E0002400E000242046BDEC7A
:10452000108B10BD00BF00BF0000000080842E4132
:10453000182D4454FB21194011EA2D819997713DA2
:10454000AC43D2D15D72323C40F6E441484300F2C4
:10455000FF7040F20111C0F21001A0FB0112801A9D
:1045600002EB5000C00A704740F6F970C2F20040FA
:1045700000787047000000002DE9F04F81B015462B
:1045800040F6F972C2F200421278B5F5807F03D18D
:10459000002918BF002A02D101B0BDE8F08F0090B9
:1045A000002040F22872C2F2004240F22473C2F2AC
:1045B00000439FED7F0A40F62C3CC2F2004C40F6CF
:1045C0002A36C2F2004600BF31F8104093ED001ABF
:1045D00002EE104AB8EE422A32EE412A02EE001AEA
:1045E00083ED001A82ED002ABCF80070BC4238BF8F
:1045F000ACF800403788BC4288BF348004320130B8
:104600008542E1D140F66430C2F2004000780228D1
:104610000FD140F2D430C2F2004040F22871C2F211
:10462000004140F66832C2F200422B46FBF75BFEC7
:104630000AE0AA0040F66830C2F2004040F2287159
:10464000C2F20041FBF7B4FF40F20040C2F200406A
:104650000068042856D340F20040C2F200400068CF
:1046600013284FD8002D4DD040F22877C2F20047D2
:1046700040F66838C2F2004840F67C76C2F2004646
:1046800040F6707AC2F2004A40F66C79C2F20049F4
:1046900040F2B86BC2F2004B2C4600BF97ED000A07
:1046A00040F62830C2F2004040F63831C2F20041F4
:1046B00000F09EFB98ED000A40F66870C2F20040E0
:1046C000314600F095FB98ED000A9AED001AB4EE21
:1046D000C10AF1EE10FAB8BF8AED000A99ED001A8E
:1046E000B4EEC10AF1EE10FAC8BF89ED000ADBF89A
:1046F00000000130CBF80000013C08F1040807F18C
:104700000407CBD1BDB340F66830C2F2004040F29E
:10471000B841C2F200419FED270A9FED271A40F2EF
:104720000442C2F20042B6EE002A9FED243A00BFD6
:1047300090ED004A34EE004AB5EEC04AF1EE10FAB0
:10474000B0EE415A06DBB4EEC34AF1EE10FAB0EE19
:10475000435A04DD136801331360B0EE454A34EE6A
:10476000024ABCEEC44A14EE103A21F8023B013D65
:1047700000F10400DCD140F2B841C2F200410098DF
:104780004FF48072FDF724FB40F20040C2F200407B
:1047900001460068013008600868142821BF40F213
:1047A000BD60C2F200400121017001B0BDE8F08F90
:1047B00000008037000000450000000000F07F4549
:1047C0002DE9F0412DED028B82B040F6F970C2F276
:1047D00000400078B8B140F27500C2F200400078A5
:1047E00028B140F2BF60C2F20040017881B140F2CE
:1047F000BD60C2F20040007828B140F2BC66C2F24F
:104800000046307880B102B0BDEC028BBDE8F0818B
:10481000012101705FA00CF05DF802B0BDEC028BCD
:10482000BDE8F04100F09CBA40F62A38C2F20048D8
:10483000B8F8000040F62C37C2F200473988401A19
:10484000FFF782FE044640F22470C2F2004090ED71
:10485000000AB6EE008A30EE080ABCEEC00A10EE7E
:10486000100AFFF771FE0546012030703888FFF707
:104870006BFE0646B8F80000FFF766FE024600959C
:1048800041F28D50C0F60100314623460AF080FB0C
:10489000A5F5AF60B0F5FA7F84BF4BA00CF01AF815
:1048A000E0087C2805D842F66010C0F601000CF044
:1048B00011F83888402804D3B8F80000B0F57C6FB0
:1048C00005D342F63010C0F601000CF003F840F2B8
:1048D0000440C2F20040016831B1016841F26060F9
:1048E000C0F601000AF054FB40F2B866C2F200467E
:1048F0003068002887D040F63830C2F200400268A5
:1049000040F2D030C2F2004007683068400800240E
:104910000021E7FB020132680023FBF718FE054681
:1049200040F67C70C2F20040026830684008002106
:10493000E2FB070132680023FBF709FE064640F65A
:104940006C70C2F2004040F67071C2F2004191ED0D
:10495000000A90ED001AB4EEC01AF1EE10FAC1BFD1
:1049600031EE400A30EE080ABCEEC00A10EE104AE2
:104970002046FFF7E9FD034641F21660C0F601004C
:104980002946324602B0BDEC028BBDE8F0410AF088
:10499000FFBA00BF5B4558542052554E5D2041443C
:1049A000432F444D41206572726F723B20726561E6
:1049B0006C74696D65206F75747075742073746F95
:1049C000707065640D0000005B4558542052554ED0
:1049D0005D205741524E3A20504335206269617341
:1049E0002073686F756C64206265206E656172204B
:1049F000312E363520560D0040F20041C2F2004102
:104A00000020086040F20441C2F20041086040F614
:104A10002C31C2F2004140F6FF720A8040F62A3182
:104A2000C2F20041088040F2B861C2F20041086061
:104A300040F63831C2F20041086040F67C71C2F2A3
:104A40000041086040F2BF61C2F20041087040F2CC
:104A5000BD61C2F20041087040F2BC61C2F2004187
:104A6000087040F22471C2F200414CF20002C4F21C
:104A7000FD420A6040F62831C2F20041087040F65B
:104A80006871C2F20041087040F67071C2F20041D4
:104A90004FF20002C4F27F520A6040F66C71C2F21B
:104AA00000414FF20002CCF27F520A6040F27501E1
:104AB000C2F2004108707047B0B50C46054600F0E0
:104AC0004FF9FDF7E9FB022D03D12046FFF72CFC3F
:104AD000F0B1FFF791FF4AF22010C0F2070007F093
:104AE00077FD40F2D031C2F20041086044F27950C3
:104AF000C0F60000FCF7F0FD044608B118A02AE05B
:104B0000FDF71AF9044660B1FCF73EFE20A022E052
:104B100042F6F000C0F601000BF0DCFE0124204656
:104B2000B0BD40F66430C2F20040057040F6F97046
:104B3000C2F200400121017040F25820C2F2004050
:104B400006F01EF80446002802BF00242046B0BD2F
:104B500000F006F919A021460AF01AFA2046B0BD65
:104B60005B4558542052554E5D20414443206369B3
:104B70007263756C617220444D412073746172746C
:104B8000206661696C65643A2025640D0A000000A6
:104B90005B4558542052554E5D205041342073746B
:104BA0007265616D20444D4120737461727420669A
:104BB00061696C65643A2025640D0A005B455854B0
:104BC0002052554E5D2054494D32207374617274E9
:104BD000206661696C65643A2025640D0A00000056
:104BE00010B588B001460220FFF766FF044660BB9F
:104BF00017A00BF06FFE40F2D030C2F20040016807
:104C000041F2D050C0F601000AF0C2F940F2E030A3
:104C1000C2F2004090ED000A90ED011A90ED022AD8
:104C200090ED033A90ED044AB7EEC44AB7EEC33AAA
:104C3000B7EEC22AB7EEC11AB7EEC00A8DEC081B58
:104C400053EC102B11A00AF0A3F9204608B010BDB8
:104C50005B4558542052554E5D206D6F64656C2045
:104C60007265706C617920737461727465643A2046
:104C700050433520696E707574202D3E2048287A87
:104C800029202D3E205041340D0000005B45585432
:104C90002052554E5D206269717561643A20623020
:104CA0003D25662062313D25662062323D25662025
:104CB00061313D25662061323D25660D0A00000008
:104CC00010B501200021FFF7F7FE044608B1204689
:104CD00010BD06A00BF0FEFD40F2D030C2F2004045
:104CE00001680FA00AF054F9204610BD5B4C4F4FED
:104CF000504241434B5D20737461727465643A2085
:104D000050433520414443202D3E2050413420441F
:104D100041432C20756E697479206761696E0D00BE
:104D20005B4C4F4F504241434B5D2046733D256CD9
:104D30007520487A2C20696E707574206D757374B7
:104D400020626520626961736564206E656172200E
:104D5000312E363520560D0A0000000000000000FC
:104D6000B0B540F6F975C2F200452C7814B9FCF7DD
:104D7000ABFCE0B10020287040F66431C2F2004183
:104D8000087040F25820C2F2004005F055FFFCF7D1
:104D90009BFC002818BFFCF7F7FCFDF77DFA002C00
:104DA00008BFB0BD02A0BDE8B0400BF093BDB0BDE0
:104DB0005B4558542052554E5D2073746F7070657A
:104DC000643B2050433520444D4120697320696481
:104DD0006C652C205041342F504135206E65617236
:104DE00020312E363520560D000000000000000056
:104DF000002818BF002900D17047B2EE001AB4EEA7
:104E0000C10AF1EE10FA09DABAEE001AB4EEC10ADC
:104E1000F1EE10FADCBFFF210170704790F900201D
:104E2000B2F1FF3FDEBF0A6801320A600121017062
:104E300070470000000000000138C1B2032984BFA0
:104E400004A0704740B240F6F021C0F6010151F8CD
:104E500020007047554E4B4E4F574E00000000004B
:104E600010B58EB040F64230C2F2004060A10DAAEB
:104E7000FBF7F4FB012803D10D98FEF7DDFA15E0EE
:104E800040F64230C2F200405DA10DAAFBF7E6FBFE
:104E900001281AD10D98FEF7CFFA81A0FDF758FE30
:104EA00041F2E360C0F6010000F072FA0D9B02AC23
:104EB00041F21472C0F60102204628210AF078F867
:104EC000204600F065FA0EB010BD40F64230C2F246
:104ED00000404FA10DAA0CABFBF7C0FB022804D188
:104EE00041F2A460C0F60100EBE740F64230C2F2A6
:104EF00000404CA10DAA0CABFBF7B0FB02281FD160
:104F00000C984CF6CD41CCF6CC41A0FB0112D10857
:104F10000D9B01EB8102A0EB4200CDE9001002AC39
:104F200041F24C72C0F60102204628210AF040F8F6
:104F30002046FDF70DFE41F2F260C0F60100C0E729
:104F400040F64230C2F200403BA1FBF75CFBE0B10F
:104F500040F64230C2F2004039A1FBF754FBC0B129
:104F600040F64230C2F2004039A1FBF74CFB30B3AF
:104F700040F64230C2F2004039A1FBF744FB30B3A7
:104F800041F2DA60C0F601009BE7FEF7EDFA41A0BE
:104F900097E741F2CD60C0F6010000F0F9F93CA0BE
:104FA000FDF7D6FD08F074FDB0B141F2B360C0F674
:104FB000010000F0EDF900F0FBF90EB010BD33A0D8
:104FC000FDF7C6FD41F20170C0F6010079E728A0A7
:104FD000FDF7BEFD28A074E741F2C060C0F60100F5
:104FE00000F0D6F941F28A60C0F6010069E700BF1F
:104FF00046342054325F4652455120256C750000DE
:1050000046342054325F535441525420256C75006D
:1050100046342054345F504152414D20256C752058
:10502000256C750046342054345F5354415254204B
:10503000256C7520256C750046342053544F500064
:105040004634204C4541524E5F5354415254000067
:105050004634205245504C41595F535441525400FC
:105060004634205245504C41595F53544F50000034
:10507000313020300000000041434B205245504C5D
:1050800041595F53544F500D0A0000003130000069
:105090003500000041434B2053544F500D0A00008F
:1050A000320000000000000010B540F64230C2F2AD
:1050B00000402EA1FBF7A7FA78B340F64230C2F2C7
:1050C00000402CA10322FBF7B9FAB0B340F64234FA
:1050D000C2F2004428A120460622FBF7AFFAB8B37B
:1050E00040F64230C2F2004025A1FBF78CFAA8B38B
:1050F00040F64234C2F2004423A12046FBF783FA73
:1051000060B32078002808BF10BD41F2DA60C0F615
:105110000100BDE8104000F03BB940F2BE60C2F2B1
:105120000040017821B90121017026A00BF0D2FBCB
:105130002EA0BDE8104000F02BB91DA040F6423172
:10514000C2F2004109F024FFBDE81040FFF788BE1D
:10515000A11D12A0BDE8104009F01ABF0CA000F07C
:1051600017F9BDE8104000F023B900BF50494E4781
:10517000000000004634200046344442472000002E
:1051800048454C4C4F0000005354415455533F0088
:1051900048375F52454144590D0A00005B463420B0
:1051A00053435245454E5D2025730D0A0000000013
:1051B0005B4837204C494E4B5D2052582025730DDB
:1051C0000A0000005B4837204C494E4B5D204634B6
:1051D00020686561727462656174206F6E6C696EBF
:1051E000653B20545820504F4E470D00504F4E47BE
:1051F0000D0A00000000000041F27A00C2F20040F7
:105200000021018040F66230C2F20040018040F28D
:10521000BE60C2F20040017041F27C00C2F2004068
:10522000018040F23830C2F2004000680F21016274
:10523000016841F020010160816841F00101816055
:1052400001A00BF047BB00BF5B4837204C494E4BD9
:105250005D205553415254332072656164793A2080
:10526000504231302054582C205042313120525875
:105270002C20393630300D002DE9F04182B00DF18F
:10528000070000F031F850B30DF1070440F6623624
:10529000C2F2004640F64237C2F20047002541F212
:1052A000DA68C0F6010800BF9DF807000D2811D08C
:1052B00031880A2804D17D54FFF7F6FE358009E0D5
:1052C0001E2903D84A1C3280785403E035804046BA
:1052D00000F05EF8204600F007F80028E4D102B0A4
:1052E000BDE8F081000000000146002804BF002056
:1052F0007047EFF3108072B641F27C02C2F20042B6
:10530000108841F27A03C2F200431B88C01A18BF0A
:1053100001200DD0B2F800C040F6FA73C2F200438B
:1053200013F80C300B701188013101F07F011180EE
:1053300062B670470000000010B540F23830C2F28B
:1053400000400068C16911F0200F1BD0D0F824C0C4
:1053500041F27A0EC2F2004EBEF8002041F27C0308
:10536000C2F200431B88013202F07F029A4209D048
:10537000BEF8003040F6FA74C2F2004404F803C0EC
:10538000AEF8002009071CBF0F21016210BD00000C
:1053900010B50446FBF730F982B240F23830C2F261
:1053A000004021466423BDE8104005F01DBE00000A
:1053B00010B5A2B012A806F0E3FA08B109A00CE0FB
:1053C0001598FFF739FD03461698009002AC0BA222
:1053D0002046402109F0ECFD2046FFF7D9FF22B01E
:1053E00010BD00BF5549204D4F44454C20554E4BF4
:1053F0004E4F574E20300D0A000000005549204DF9
:105400004F44454C20257320256C750D0A00000083
:10541000F0B581B016460F4604460020009094F87F
:105420005000012801D1022538E0012084F8500005
:105430002046FCF71DFB0546606D15B140F01000DD
:1054400028E041F20211884340F0020060652068C4
:105450003946324605F034FF206805F07DFE70B114
:105460004FF60006C2F2C356009801300090009833
:10547000B04209D2206805F06FFE0028F4D1606DBB
:10548000012161F3010005E0606D20F0120040F0A1
:1054900010000125002184F850106065284601B0F5
:1054A000F0BD000000000000704700000000000098
:1054B000704700000000000070470000000000007E
:1054C000704700000000000070470000000000006E
:1054D0002DE9F04182B00D46044690F850000128B5
:1054E00001D102201FE0012084F85000002001902B
:1054F0000090206842F20007C4F20207B8420AD1C5
:1055000007F58078404605F043FE0646206805F022
:105510003FFE30430BD0606D40F0200060650120FD
:10552000002184F85010C0B202B0BDE8F0812168BB
:1055300007F5407246F20000C5F6020041451646E6
:1055400018BF00F54076B94208BF16462B68B2680E
:1055500022F44042A3B16B681A43B26041F48071F7
:1055600042F20012C4F2020291421CD1384605F008
:1055700003FE0746404605F0FFFD384310BB15E02B
:10558000B26041F4807142F20012C4F20202914210
:1055900015D1384605F0F0FD0546404605F0ECFD16
:1055A000284378B910E005F0E7FD58B9B06840F637
:1055B0001F7188432968AA680843104308E005F072
:1055C000DBFD08B10020ABE7B06840F61F718843EF
:1055D000B0600020A4E700002DE9F04782B00D463E
:1055E00004460020019094F85000012801D10220C7
:1055F00011E1012084F85000206805F0C5FD28B1B4
:10560000606D40F020006065012001E12A68002AF9
:1056100013DB92FAA2F0B0FA80F04FF6FF71C0F2FD
:105620000F010A4208BF900E00F01F00012101FA8D
:1056300000F02168CB691843C8616968206805F0EB
:10564000BBFD206805F0A0FD0646206805F06CFD56
:10565000304366D12968AA68206805F0D9FD41F277
:105660000000C5F60040006800F07040B0F1805FB7
:1056700006D16A692068C0680E2101EA50030BE078
:105680002068C1686A69C068400811F0100F14BF33
:1056900000F0080300F00E0320682969042927D1CF
:1056A000026E2B68990602F0F842B2EB836F02BFDC
:1056B000026E22F000420266426E02F0F8428A4216
:1056C00002BF426E22F000424266826E02F0F84251
:1056D0008A4202BF826E22F000428266C26E02F0EF
:1056E000F8428A4202BFC16E21F00041C16618E053
:1056F00002FA03F32A6805F0CFFD296920686A7E63
:10570000013AB2FA82F25209D20705F0D1FD2969B5
:1057100020682A7E013AB2FA82F25209D20205F0DA
:10572000AFFD206805F024FD002870D12968EA68E3
:10573000206805F07DFDE8680021C4F2FF71884211
:1057400061D12A6813466FF31F5392FAA2F0B0FAA0
:1057500080F1002B084608BF900E013000F01E07B4
:105760002068092F0CD8C3B14A1C4FF0F84303EA54
:10577000826302F01F02012707FA02F213431BE0C3
:1057800013B34A1C4FF0F84303EA826302F01F028E
:10579000012707FA02F2134325E0012101EB92638E
:1057A00003F01F03994002F0F84303F1806303F014
:1057B000F8430B43C2F38461013101F01F0101EB97
:1057C000410143EA01511BE0012101EB926303F027
:1057D0001F03994002F0F84303F1806303F0F8439C
:1057E0000B43C2F38461013101F01F0101EB410160
:1057F0000022CFF6206202EB0151194341F0007103
:10580000AA6805F005FD2868B0F1FF3F07DD00201C
:10581000002184F85010C0B202B0BDE8F0872168C2
:1058200042F20006C4F2020606F5807706F54072E1
:1058300046F20008C5F6020808F5407AB94250461B
:1058400008BF1046B14208BF104605F061FC814612
:10585000206840F4807042F20011C4F202018842D4
:105860000BD1304605F084FC0646384605F080FC36
:10587000304300287FF4C4AE05E0404605F078FCD4
:1058800000287FF4BDAE29680020CCF2527081421E
:105890002BD00020CCF6843081422FD15FEA092042
:1058A000B5D420684045B2D149F40001504605F016
:1058B000DFFC40F20400C2F200400068800942F6BA
:1058C0006351C0F23E51A0FB01018809022101EBA6
:1058D000400001900198002899D00198013801906A
:1058E000002001990029F8D192E75FEAC9108ED40F
:1058F000206840458BD149F0807111E05FEA492072
:105900004FF000003FF584AF0022CCF6B872914210
:105910007FF47EAF206840457FF479AF49F4800181
:10592000504605F0A5FC72E7006842F20001C4F29F
:105930000201884218BF704740F6847CC2F2004CD6
:10594000DCF8001040F68872C2F200421278002A99
:1059500018BF002906D140F27400C2F200400121B4
:1059600001707047BFF34F8F002240F20001C3F275
:1059700000014EF65C73CEF2000300BF501800F534
:10598000007018602032B2F5007FF7D1BFF34F8F5F
:10599000BFF36F8FDCF8003001F5007101204FF488
:1059A0008072184700000000006842F20001C4F253
:1059B0000201884218BF704740F6847CC2F2004C56
:1059C000DCF8001040F68872C2F200421278002A19
:1059D00018BF002900D17047BFF34F8F002140F25C
:1059E0000002C3F200024EF65C73CEF2000300BF69
:1059F000881818602031B1F5007FF9D1BFF34F8FBF
:105A0000BFF36F8FDCF8003040F20001C3F20001F9
:105A100000204FF480721847016842F20002C4F27D
:105A20000202914218BF704740F27501C2F2004174
:105A300001220A7040F68871C2F20041097801B172
:105A40007047416D826D01A009F0A2BA5B54617389
:105A50006B20355D20414443206572726F72206374
:105A6000616C6C6261636B3A2073746174653D3084
:105A70007825303858206572726F723D3078253045
:105A800038580D0A000000002DE9F04381B00446AB
:105A900000680168426840F4807046F20038C5F63C
:105AA000020842F20016C4F20206B0420CBF06F52C
:105AB0000070404602EA0105AF0705F031FB814660
:105AC000002F0DD5606D10F0100F02BF606D40F417
:105AD000006060652046FFF7E7FC20680221016056
:105AE000680758BF5FEA05704CD5606D10F0100F65
:105AF00002BF606D40F400706065206805F04CFBEB
:105B0000D0B32068B042014608BFA6F5807181423B
:105B100002460CD0B9F1090F00F2F880012202FA16
:105B200009F240F221231A42024608BF0A46D16810
:105B300011F4005F20D1016811F0080F1CD005F0AE
:105B400023FB40B1606D40F010006065A06D40F037
:105B50000100A06510E02068416821F00C0141605F
:105B6000606D20F480706065606D10F4805F02BF2E
:105B7000606D40F0010060652046FFF7D5FE2068AB
:105B80000C210160A80658BF5FEA456051D5606DE1
:105B900010F0100F02BF606D40F400506065206887
:105BA00005F0C6FA0746206805F0F6FA01462068B7
:105BB000B04202460CD1B9F1070F07D8012202FA10
:105BC00009F212F0C10F01D0324601E0A6F5807251
:105BD000D26847B3930103D529B312F4005122D1FF
:105BE000016892021FD411F040011CD005F09CFA0C
:105BF00040B1606D40F010006065A06D40F00100A4
:105C0000A06510E02068416821F060014160606D8E
:105C100020F480506065606D10F4807F02BF606D7D
:105C200040F0010060652046FFF742FC20686021DB
:105C30000160280606D4E80510D4A8051BD4E806A0
:105C400048D525E0606D40F480306065204600F066
:105C500077F9206880210160E805EED5606D40F499
:105C6000003060652046FFF72BFC20684FF4807100
:105C70000160A805E3D5606D40F480206065204692
:105C8000FFF722FC20684FF400710160E80621D57F
:105C9000206B88B12068B9F1000F32D006F5007191
:105CA000B04208BF8846A6F58072904208BF884679
:105CB000404605F031FA50B1606D40F48060606597
:105CC000A06D40F00200A0652046FFF7A5FE206809
:105CD0001021016068055CBF01B0BDE8F083206859
:105CE000616D41F480416165A16D41F00801A165DC
:105CF0004FF480610160204601B0BDE8F043FFF73A
:105D0000DBBBC06810F0030FD6D1E0E70A460EE710
:105D1000F0B581B00446002000909CB3606D30B9AE
:105D2000204600F011F9002084F85000A06520689A
:105D300005F016FA00281CBF206805F0C9F9206894
:105D400005F01EFAC0B9206805F0D6F940F204004B
:105D5000C2F200400068800942F66351C0F23E5131
:105D6000A0FB0101012000EB911001E00098013837
:105D7000009000980028F9D1206805F001FA18B1C8
:105D800000250AE00125CCE0606D40F01000606560
:105D9000A06D40F00100A0650125206805F0F4F930
:105DA000616D01F010010843606D03D040F01000F8
:105DB0000125B5E020F4817040F0020060652068A4
:105DC00005F0D6F958BB206840F4807042F2000616
:105DD000C4F2020642F20011C4F20201884240F00D
:105DE000A380304605F0C4F9074606F5807005F03B
:105DF000BFF9384398B9D4E9002106F5807006F55B
:105E0000407346F20007C5F602078242184618BFE3
:105E100007F54070B24208BF184605F021FA02F0BB
:105E200003FB41F2040188420DD3A06810280AD177
:105E3000216B0843617D227F40EA413040EA024005
:105E400040F00C0108E0607D216B41EA4030A16820
:105E50000843217F40EA0141207F012806D1206AC2
:105E60000022CFF6FE7202EB40400143606A002838
:105E70001FBF00F478700843A16A01432068C2681C
:105E80004CF20303CFF6F0731A401143C16005F0E2
:105E90007BF90646206805F047F9304331D1207D73
:105EA000E16A41EA80312068C26844F203039A4300
:105EB0001143C16094F838200169012A15D104F119
:105EC0003C0C9CE88C100026CFF6FF7606EB0242D5
:105ED0004FF61E06CFF600463140194311433943B1
:105EE00041EA0C0141F0010101E021F001010161F1
:105EF0000169626B21F07041114301612046FBF79B
:105F000063FC2068E268016B21F00F01012A02BFE7
:105F1000A269013A11430163606D012161F301003F
:105F20006065284601B0F0BD46F20000C5F60200EB
:105F300005F01EF900287FF472AF5CE70000000056
:105F400070470000000000002DE9F041B8B00446A1
:105F500000253795CDE93555CDE9335502A8C02147
:105F6000FAF73FFB206842F20001C4F202018842C6
:105F700002D038B0BDE8F08103954FF400200290C4
:105F8000052004906421CDE905100220CDE9070029
:105F90008020CDE909050B952B9502A802F0B0FFF2
:105FA000002818BFFEF7B8F944F2E040C5F6020039
:105FB00050F8081C41F0200140F8081C50F8081C5B
:105FC00001F0200101910199016841F00101016096
:105FD000016801F0010101910199016841F004019A
:105FE0000160006800F00400019001984FF0030880
:105FF000CDF8D08008203390002735970025C5F6CE
:10600000020533AE2846314602F032F9CDF8D08091
:1060100020203390359705F50060314602F028F9CD
:1060200040F2E005C2F2004509201021C4F202014D
:106030004FF480624FF400634FF40056C5E900103E
:10604000C5E9027705F11000CCC0C5E908772846FC
:1060500001F006FC002818BFFEF75EF9E564AC63AA
:1060600012200021002202F0CFFA122002F0C8FA1A
:1060700038B0BDE8F08100002DE9F04381B09046D2
:1060800089460446016842F20005C4F2020505F59E
:10609000807605F5407246F20030C5F60200B14246
:1060A00008BF1046A94208BF104605F039F8074658
:1060B000206805F069F818B994F85000012803D158
:1060C000022001B0BDE8F083012084F85000092FC0
:1060D00057D8B84040F22121084252D02046FBF761
:1060E00007FD00281FBF002184F8501001B0BDE853
:1060F000F0832068616D40F60172914341F4807134
:106100006165B04218BF0546002F18BF854203D114
:10611000616D21F480116165626D002112F4805F70
:106120004FF000021CBFA26D22F00602A265E26CD5
:1061300041F66923C0F6000341F6C117C0F6000717
:10614000C2E90F7341F65123C0F60003D3641C2249
:10615000026084F85010416841F010014160E16A2A
:1061600005F022F82168E06C40314A46434601F0D0
:1061700023FE0546206805F033F8284601B0BDE847
:10618000F083002084F85000012001B0BDE8F083C6
:10619000B0B5044690F85000012802BF02252846F9
:1061A000B0BD012084F8500020460321FBF798FB86
:1061B000054638BB2068C16821F00301C160E06C6E
:1061C00090F83510022908D100F086FA054620B172
:1061D000606D40F04000606500E000252068416887
:1061E00021F0100141602046FBF742FC55B9002820
:1061F000054607D1606D41F20111884340F001006E
:1062000060650025002084F850002846B0BD0000DD
:106210007047000000000000704700000000000010
:10622000002804BF0120704708298C4618BF4FF092
:10623000100C03FA0CF31A430068084402620020B1
:106240007047000000000000F0B581B0044600284F
:1062500002BF012001B0F0BD67790220012F60D09C
:10626000DDF818C020710120607181B104F10C00CB
:106270004FF0805E41F61945C0F6000541F63946FB
:10628000C0F6000641F6F137C0F600070FE004F152
:1062900008004FF4805E41F60145C0F6000541F666
:1062A0003146C0F6000641F6E137C0F60007006847
:1062B000C0E90F76C5642068056845EA0E070760E7
:1062C000BCF1080F09D0BCF1040F0AD0BCF1000FDB
:1062D0000BD1206800F1200C09E0206800F1280CA7
:1062E00005E0206800F1240C01E04FF0000C20686C
:1062F000076829B147F00051016004F10C0004E087
:1063000047F40051016004F108000068114662463C
:1063100001F052FD0021617128B1216941F00401B1
:10632000216101B0F0BD2068016841F00101016008
:10633000016841F480310160002001B0F0BD00002F
:10634000B0B50446002804BF0120B0BD2068026833
:1063500022F010220260026822F00102026002684C
:1063600022F4803202606FF00055002908BF6FF4FC
:1063700000554FF00C0008BF0820205800F0ACF981
:1063800021680A682A400A600421002808BF012108
:106390002171B0BD00000000704700000000000047
:1063A0002DE9F04190460D4604460120002C18BF0F
:1063B000002D02D1C0B2BDE8F0816179022001292F
:1063C000F8D02071012060712868042851D102F0B2
:1063D00033F807462068416BB8F1000F13D0B1F1D4
:1063E000FF3F0DDC02F028F8C01B022804D3206810
:1063F000406BB0F1FF3F1ADD2068416B0029F1DBF3
:10640000A96941641EE048F20006C2F2000631426A
:1064100004D115E02068416B314211D002F00CF834
:10642000C01B0228F6D32068406B3042F2D02069AE
:1064300040F00800206103202071C0B2BDE8F08167
:10644000A969016408F0100040F2FF318140226820
:10645000936C23EA0101EB69834019439164FF21A6
:106460008140D36C23EA01012B6A03FA00F0084350
:10647000D064286901280CD108F010001F21814048
:106480002268936B23EA01016B6903FA00F0084369
:10649000906308F01002072090402168CB6B23EA3C
:1064A000000CEF680020012F03D0022F03D1012739
:1064B00005E0002703E0AF68B7FA87F77F092E6889
:1064C000AB6837433B43934043EA0C03CB634FF441
:1064D000804393400F6827EA03030B6040F6FE7386
:1064E00093400F6827EA03036F6897403B430B60B4
:1064F000C02303FA02F20B6823EA02020A60607109
:1065000001212171C0B2BDE8F0810000000000004F
:1065100040F6F870C2F20040007828B341F67E00E1
:10652000C2F200400078002818BF704780B50120F3
:10653000FBF72EFDBFF34F8F002048F20001C3F29E
:1065400000014EF66872CEF20002BDE8804000BF46
:10655000431803F5806313602030B0F5806FF7D1E6
:10656000BFF34F8FBFF36F8F704700000000000034
:1065700040F6F870C2F20040007810B341F67E0099
:10658000C2F200400078002818BF704710B5002400
:106590000020FBF7FDFCBFF34F8F48F20000C3F271
:1065A00000004EF66871CEF2000100BF22180A60AA
:1065B0002034B4F5806FF9D1BFF34F8FBFF36F8FE5
:1065C00010BD704700000000704700000000000090
:1065D00010B50446002804BF012010BD207920B961
:1065E00000206071204600F007F802202071002092
:1065F00020610121217110BDF0B587B0044600264D
:106600000696CDE90466CDE90266006847F20041CE
:10661000C4F20001884201D007B0F0BD44F2D84571
:10662000C5F60205286940F000502861286900F08D
:10663000005001900198A86840F00100A860A86887
:1066400000F0010001900198032003903020029097
:1066500004960020C5F6020002A901F009FE286890
:1066600040F001002860286800F0010001900198C6
:1066700040F25815C2F2004543208821C4F20201BD
:1066800040224FF480634FF4805C4FF4804E4FF40F
:106690008077C5E90010C5E9022605F1100080E801
:1066A0000850EF614FF40030C5E90806284601F0B4
:1066B000D7F8002818BFFDF72FFEA560AC631020A7
:1066C0000121002201F0A0FF102001F099FF07B086
:1066D000F0BD000000000000F0B581B0044601F0FC
:1066E000ABFE0546002C02BF012001B0F0BD94F8BE
:1066F0003500022818D1206840F20F41C4F202018F
:10670000884215DC6F22C4F20202904226DC3F224E
:10671000C4F2020290423FDC1022C4F20202904214
:10672000024658D0282250E0802060650120BCE25B
:1067300040F26F42C4F2020290421CDC40F23F423F
:10674000C4F2020290422FDC40F21042C4F2020274
:10675000904202463FD040F2284236E09F22C4F2E7
:10676000020290422ADC7022C4F2020290420246E7
:1067700031D0882229E040F29F42C4F202029042C6
:1067800000F3928040F27042C4F20202904202464C
:1067900021D040F2884218E04022C4F20202904226
:1067A000024618D0582210E040F24042C4F20202E1
:1067B000904202460FD040F2584206E0A022C4F2B6
:1067C00002029042024606D0B822C4F2020290426F
:1067D000024640F0ED81136823F01E031360276822
:1067E0007A6922F080027A6140F26F46C4F20206B2
:1067F000B74216DC9F22C4F2020297422CDC5722D9
:10680000C4F20202974262DC1022C4F202029742F2
:106810001EBF2822C4F20202974200F09880402254
:106820007EE045F22F42C5F60202974227DC40F295
:10683000B742C4F20202974255DC40F27042C4F201
:10684000020297421EBF40F28842C4F202029742FF
:106850007DD040F2A04263E040F22742C4F202023F
:1068600097424FDCA022C4F2020297421EBFB82218
:10687000C4F2020297426AD040F2104250E045F260
:106880006B42C5F6020297424FDC45F23042C5F634
:10689000020297421EBF45F24442C5F602029742E9
:1068A00055D045F258424EE040F2A042C4F20202F6
:1068B000904202468FD040F2B842C4F202029042A7
:1068C00040F0768140F2B842C4F2020283E75822D7
:1068D000C4F2020297421EBF7022C4F20202974223
:1068E00035D088221CE040F2B842C4F2020297423E
:1068F0001EBF45F20842C5F60202974227D045F274
:106900001C4220E040F22842C4F2020297421EBF1D
:1069100040F24042C4F20202974218D040F258427C
:10692000C4F20202974212D016E045F26C42C5F65C
:10693000020297421EBF45F29442C5F602029742F8
:1069400005D045F28042C5F60202974204D1226E7C
:10695000136823F480731360884210DC6F21C4F243
:10696000020188421CDC3F21C4F20201884232DC71
:106970001021C4F20201884252D028214AE0B042DC
:106980001ADC40F23F41C4F2020188422ADC40F2A4
:106990001041C4F20201884242D040F2284139E05D
:1069A0009F21C4F20201884225DC7021C4F2020159
:1069B000884235D088212DE040F29F41C4F2020187
:1069C00088421FDC40F27041C4F20201884227D0A5
:1069D00040F288411EE04021C4F2020188421FD0EB
:1069E000582117E040F24041C4F20201884217D01A
:1069F00040F258410EE0A021C4F2020188420FD0BB
:106A0000B82107E040F2B841C4F20201884207D041
:106A100040F2A041C4F20201884208BF206800E0B1
:106A20002068016821F00101016000BF386810F0A2
:106A3000010F0BD001F000FD401B0628F6D32020EB
:106A40006065032084F8350001202EE12068B7211D
:106A5000C4F20201884213DD40F25741C4F2020140
:106A600088421EDC40F22741C4F20201884233DC36
:106A7000B821C4F2020188424AD040F2104143E0FA
:106A80005721C4F2020188421ADD8721C4F20201B3
:106A900088422ADC5821C4F20201884238D0702191
:106AA00032E040F28741C4F20201884224DC40F225
:106AB0005841C4F2020188422AD040F2704123E0DA
:106AC0001021C4F2020188421EBF2821C4F2020133
:106AD00088421DD0402117E040F22841C4F2020153
:106AE000884215D040F240410EE08821C4F20201F4
:106AF00088420DD0A02107E040F2A041C4F202017B
:106B0000884205D040F28841C4F20201884255D142
:106B1000A16DE26D02F01F023F2303FA02F28A60C8
:106B2000B0425BDC9F21C4F20201884211DC572194
:106B3000C4F20201884220DC1021C4F20201884222
:106B40001EBF2821C4F20201884200F09C8040212F
:106B50005EE040F22741C4F20201884219DCA02124
:106B6000C4F2020188421EBFB821C4F20201884269
:106B700000F0898040F210414AE05821C4F202013D
:106B800088421EBF7021C4F2020188427BD0882156
:106B90003EE040F22841C4F2020188421EBF40F2AA
:106BA0004041C4F2020188426DD040F258412FE0CA
:106BB000026822F00E020260276815E6A16D40F21D
:106BC000B842C4F202029042A3D0E26D02F01F026A
:106BD000012303FA02F24A60B042A3DD45F22F41DD
:106BE000C5F60201884218DC40F2B741C4F2020146
:106BF000884227DC40F27041C4F2020188421EBF85
:106C000040F28841C4F2020188423CD040F2A041E7
:106C1000C4F20201884236D043E045F26B41C5F62A
:106C2000020188421DDC45F23041C5F6020188426E
:106C30001EBF45F24441C5F60201884223D045F209
:106C400058411CE040F2B841C4F2020188421EBF24
:106C500045F20841C5F60201884214D045F21C41B4
:106C60000DE045F26C41C5F6020188421EBF45F2B7
:106C70009441C5F60201884205D045F28041C5F62F
:106C8000020188420DD1D4E919014160E06E00286B
:106C90001FBF016821F480710160D4E91C0118BF95
:106CA0004160012084F835000020002184F8341070
:106CB00001B0F0BD0000000010B50446002804BF7C
:106CC000012010BD216840F20F40C4F20200814251
:106CD00010DC6F20C4F20200814220DC3F20C4F2AD
:106CE0000200814236DC1020C4F20200814255D0FD
:106CF00028204EE040F26F40C4F2020081421ADCCC
:106D000040F23F40C4F2020081422ADC40F21040CF
:106D1000C4F20200814241D040F2284039E09F2075
:106D2000C4F20200814225DC7020C4F202008142DC
:106D300034D088202DE040F29F40C4F2020081420E
:106D40001FDC40F27040C4F20200814226D040F2C3
:106D500088401EE04020C4F2020081421ED058202C
:106D600017E040F24040C4F20200814216D040F2E7
:106D700058400EE0A020C4F2020081420ED0B8209C
:106D800007E040F2B840C4F20200814206D040F26F
:106D9000A040C4F20200814240F0F2802068026804
:106DA00022F001020260012040F26F42C4F20202AE
:106DB000914215DC9F22C4F2020291422BDC572241
:106DC000C4F2020291424EDC1022C4F2020291424D
:106DD0001EBF2822C4F20202914271D040226BE011
:106DE00045F22F42C5F60202914227DC40F2B7423B
:106DF000C4F20202914242DC40F27042C4F202024A
:106E000091421EBF40F28842C4F20202914257D022
:106E100040F2A04250E040F22742C4F20202914206
:106E20003CDCA022C4F2020291421EBFB822C4F28E
:106E30000202914244D040F210423DE045F26B42E2
:106E4000C5F6020291424FDC45F23042C5F602021D
:106E500091421EBF45F24442C5F60202914256D00D
:106E600045F258424EE05822C4F2020291421EBF3F
:106E70007022C4F20202914222D088221CE040F229
:106E8000B842C4F2020291427CD045F20842C5F6F3
:106E9000020291423BD045F21C4233E040F22842CC
:106EA000C4F2020291421EBF40F24042C4F202020A
:106EB000914205D040F25842C4F2020291425ED1A2
:106EC00000200860216848608860C860086121204F
:106ED00048612046FCF794FBE16D01F01F013F2261
:106EE00002FA01F1816023E045F26C42C5F602022C
:106EF00091421EBF45F28042C5F60202914206D081
:106F000045F29442C5F60202914218BF10BD2068B6
:106F10000021016041608160C16001612046FCF791
:106F20006FFBE16D01F01F01012202FA01F14160E6
:106F30002046FCF7F5FB206E00281FBF00210160F2
:106F4000D4E91901416060680138072808D8204653
:106F5000FCF75AFCE06E00210160D4E91C0141609D
:106F600000206065C4E91B006067C4E90F00C4E944
:106F70001100C4E9130084F8340084F8350010BD12
:106F800008460CE740F2B841C4F2020198E700005D
:106F90002DE9F04381B004460020009040F2040047
:106FA000C2F20040006848F2B511C1F64E31A0FBB4
:106FB0000108A66D35683168276840F26F49C4F250
:106FC00002094F4515DC9F20C4F2020087422BDCEA
:106FD0005720C4F2020087424EDC1020C4F20200A7
:106FE00087421EBF2820C4F20200874272D0402090
:106FF0006BE045F22F40C5F60200874227DC40F2E5
:10700000B740C4F20200874242DC40F27040C4F252
:10701000020087421EBF40F28840C4F2020087424D
:1070200058D040F2A04050E040F22740C4F20200A5
:1070300087423CDCA020C4F2020087421EBFB82079
:10704000C4F20200874245D040F210403DE045F2D4
:107050006B40C5F60200874271DC45F23040C5F650
:10706000020087421EBF45F24440C5F60200874237
:1070700078D045F2584070E05820C4F202008742B0
:107080001EBF7020C4F20200874223D088201CE07B
:1070900040F2B840C4F2020087421BD045F20840DB
:1070A000C5F6020087425DD045F21C4055E040F233
:1070B0002840C4F2020087421EBF40F24040C4F2A2
:1070C0000200874206D040F25840C4F202008742D4
:1070D00040F07083E06D00F01F01082000FA01F21B
:1070E0002A4200F0EA8040F20F40C4F202008742D8
:1070F00012DC6F20C4F2020087426ADC3F20C4F237
:107100000200874200F3A6801020C4F202008742EA
:1071100000F0C4802820BCE04F4566DC40F23F40D0
:10712000C4F20200874200F39C8040F21040C4F297
:107130000200874200F0B28040F22840A9E045F208
:107140006C40C5F6020087421EBF45F28040C5F67E
:107150000200874206D045F29440C5F602008742FD
:1071600040F0288320680268E06D00F01F0312F0F1
:10717000040F1EBF0420984010EA01051BD19007A0
:1071800042D50220984010EA01053DD070601004FD
:1071900000F10A83900609D4386820F00A003860AC
:1071A000002084F83400012084F83500E16B0029C8
:1071B00040F05183FEE27060100443D490065EBF3D
:1071C000386820F004003860216C002940F04383C7
:1071D000F0E29F20C4F2020087424BDC7020C4F230
:1071E000020087425AD0882053E040F29F40C4F208
:1071F0000200874245DC40F27040C4F20200874240
:107200004CD040F2884044E0100740F1D38208207F
:107210009840084000F0CE82386820F00E003860B8
:10722000012000FA03F171606065002184F83410D8
:1072300084F83500E16C00291CBF2046884701B066
:10724000BDE8F083D0034CBF216CA16C002940F055
:107250000283AFE24020C4F2020087421ED05820D1
:1072600017E040F24040C4F20200874216D040F2DC
:1072700058400EE0A020C4F2020087420ED0B82091
:1072800007E040F2B840C4F20200874206D040F264
:10729000A040C4F20200874240F08F82206804239D
:1072A0000068184209D02068036823F004030360D3
:1072B000B260606D40F001006065012000FA01F2EB
:1072C0002A4270D040F20F40C4F20200874210DC24
:1072D0006F20C4F2020087421CDC3F20C4F202008F
:1072E000874232DC1020C4F20200874251D02820AD
:1072F0004AE04F451ADC40F23F40C4F202008742A8
:107300002ADC40F21040C4F20200874241D040F231
:10731000284039E09F20C4F20200874225DC70201B
:10732000C4F20200874234D088202DE040F29F4012
:10733000C4F2020087421FDC40F27040C4F2020037
:10734000874226D040F288401EE04020C4F202006E
:1073500087421ED0582017E040F24040C4F202009D
:10736000874216D040F258400EE0A020C4F202003E
:1073700087420ED0B82007E040F2A040C4F20200DD
:10738000874206D040F2B840C4F20200874240F083
:1073900017822068406910F0800F1FBFB260606DD7
:1073A00040F002006065042000FA01F22A4270D029
:1073B00040F20F40C4F20200874210DC6F20C4F29A
:1073C000020087421CDC3F20C4F20200874232DC0C
:1073D0001020C4F20200874251D028204AE04F45D5
:1073E0001ADC40F23F40C4F2020087422ADC40F23D
:1073F0001040C4F20200874241D040F2284039E0F8
:107400009F20C4F20200874225DC7020C4F20200F3
:10741000874234D088202DE040F29F40C4F2020021
:1074200087421FDC40F27040C4F20200874226D03F
:1074300040F288401EE04020C4F2020087421ED085
:10744000582017E040F24040C4F20200874216D0B4
:1074500040F258400EE0A020C4F2020087420ED055
:10746000B82007E040F2A040C4F20200874206D0F4
:1074700040F2B840C4F20200874240F0A381206885
:10748000006810F0020F1FBFB260606D40F0040092
:107490006065102000FA01F1294200F0838040F27B
:1074A0000F40C4F20200874210DC6F20C4F20200D9
:1074B00087421CDC3F20C4F20200874232DC1020ED
:1074C000C4F20200874251D028204AE04F451ADC1E
:1074D00040F23F40C4F2020087422ADC40F21040F2
:1074E000C4F20200874241D040F2284039E09F2098
:1074F000C4F20200874225DC7020C4F202008742F9
:1075000034D088202DE040F29F40C4F20200874230
:107510001FDC40F27040C4F20200874226D040F2E5
:1075200088401EE04020C4F2020087421ED058204E
:1075300017E040F24040C4F20200874216D040F209
:1075400058400EE0A020C4F2020087420ED0B820BE
:1075500007E040F2B840C4F20200874206D040F291
:10756000A040C4F20200874240F02E812768082222
:107570003868104216D0B16020680268016812F4C1
:10758000802F06D1C9055EBF016821F008010160A6
:1075900001E0080301D4216C00E0A16C00291CBFAC
:1075A00020468847E06D00F01F00202181402942DD
:1075B00000F0AB80226840F20F43C4F202039A420B
:1075C00010DC6F23C4F202039A421CDC3F23C4F296
:1075D00002039A4232DC1023C4F202039A4251D0D1
:1075E00028234AE04A451ADC40F23F43C4F2020332
:1075F0009A422ADC40F21043C4F202039A4241D07C
:1076000040F2284339E09F23C4F202039A4225DC6A
:107610007023C4F202039A4234D088232DE040F252
:107620009F43C4F202039A421FDC40F27043C4F24B
:1076300002039A4226D040F288431EE04023C4F25F
:1076400002039A421ED0582317E040F24043C4F28E
:1076500002039A4216D040F258430EE0A023C4F22F
:1076600002039A420ED0B82307E040F2B843C4F2B6
:1076700002039A4206D040F2A043C4F202039A42A7
:1076800040F0A4802268102312681A423DD0B160F5
:1076900094F8353021680A68042B1DD122F01602B7
:1076A0000A604A6922F080024A61226C0AB9A26C1F
:1076B0001AB10A6822F008020A603F2101FA00F0BC
:1076C000B060002084F83400012084F83500216D7A
:1076D000002940F0C0806DE0086852030CD4C0055A
:1076E0000ED4086820F010000860002084F83400F0
:1076F000012084F8350003E0000301D4616C00E050
:10770000E16B00291CBF20468847606D002851D0DE
:10771000606D10F0010F00F09B80042084F83500AC
:10772000206840F20F41C4F20201884210DC6F2150
:10773000C4F2020188421CDC3F21C4F202018842EB
:1077400046DC1021C4F20201884266D028215EE0A6
:1077500048451ADC40F23F41C4F2020188423EDC57
:1077600040F21041C4F20201884256D040F2284152
:107770004DE09F21C4F20201884239DC7021C4F23D
:107780000201884249D0882141E040F29F41C4F281
:107790000201884233DC40F27041C4F202018842A7
:1077A0003BD040F2884132E0D00354BF616CE16BC2
:1077B000002950D101B0BDE8F083082338466FE5B9
:1077C0003868F0E5386864E60422D1E602235BE716
:1077D0004021C4F2020188421FD0582117E040F234
:1077E0004041C4F20201884217D040F258410EE0F5
:1077F000A021C4F2020188420FD0B82107E040F274
:10780000B841C4F20201884207D040F2A041C4F25C
:107810000201884208BF206800E020684FEA9821F2
:10782000026822F001020260009801300090884254
:1078300004D82068006810F0010FF5D120680068B6
:10784000002184F83410012160F3410184F83510DF
:10785000E16C0029AED02046884701B0BDE8F08336
:107860002DE9F04381B0044600F0E6FD0546002C0A
:1078700000F0DB80206840F26F48C4F20208404507
:1078800015DC9F21C4F2020188422BDC5721C4F28F
:107890000201884250DC1021C4F2020188421EBF5E
:1078A0002821C4F20201884275D040216EE045F2E1
:1078B0002F41C5F60201884227DC40F2B741C4F2ED
:1078C0000201884244DC40F27041C4F20201884265
:1078D0001EBF40F28841C4F2020188425BD040F2F0
:1078E000A04153E040F22741C4F2020188423FDC4C
:1078F000A021C4F2020188421EBFB821C4F20201D5
:10790000884248D040F2104140E045F26B41C5F654
:107910000201884200F3DD8045F23041C5F60201E4
:1079200088421EBF45F24441C5F60201884200F07C
:10793000E38045F25841DAE05821C4F2020188425E
:107940001EBF7021C4F20201884224D088211DE0AC
:1079500040F2B841C4F2020188421CD045F208410D
:10796000C5F60201884200F0C78045F21C41BEE026
:1079700040F22841C4F2020188421EBF40F2404159
:10798000C4F20201884206D040F25841C4F202011A
:10799000884240F0F381002184F83410022184F8F9
:1079A00035106F21C4F2020188420BDC3F21C4F282
:1079B0000201884212DC1021C4F2020188421FD069
:1079C000282118E09F21C4F2020188420DDC7021B9
:1079D000C4F20201884213D088210CE04021C4F295
:1079E000020188420CD0582105E0A021C4F2020116
:1079F000884205D0B821C4F20201884240F090814B
:107A00002068016821F00101016000BF2768386823
:107A100010F0010F0DD000F00FFD401B0628F5D32C
:107A200020206065032084F83500012001B0BDE806
:107A3000F083386848F23F01CFF6106100EA010E8A
:107A400004F108066CCE04F1180C9CE8031242EA1B
:107A50000E021A432A4332431043084340EA090105
:107A6000BCF1040F02BFD4E90B02084340EA020153
:107A700041F20000C5F600400068B0F1005F24BF8D
:107A80006268292A80F0DA803960786920F007007E
:107A900040EA0C05BCF1040F0FD1D4E90A010543FB
:107AA00059B12046FBF704FF38B140206065012042
:107AB00084F8350001B0BDE8F0837D612046FBF716
:107AC0009FFDE16D01F01F013F2202FA01F181608B
:107AD00057E045F26C41C5F6020188421EBF45F2EF
:107AE0008041C5F60201884206D045F29441C5F6B0
:107AF0000201884240F04281002084F834000220D4
:107B000084F835002068016804F108078CCF6669A5
:107B10006FF3101141EAD301A2F18003B3FA83F3AA
:107B20005B099B03402A08BF1023194341EAD70190
:107B300041EAD601A26941EAD201E26941EAD201F1
:107B4000226A41EA1211016020684AF6F831CAF24D
:107B5000FD7108444CF6CD41CCF6CC41A0FB0101AF
:107B60004FF6FC70C3F6FF7000EA9100E065204616
:107B7000FBF746FDE16D01F01F01012202FA01F160
:107B800041602068404516DC9F21C4F20201884212
:107B90002CDC5721C4F20201884259DC1021C4F2C6
:107BA000020188421EBF2821C4F20201884200F06F
:107BB0008F80402175E045F22F41C5F602018842D1
:107BC00027DC40F2B741C4F2020188424CDC40F2AB
:107BD0007041C4F2020188421EBF40F28841C4F2E3
:107BE0000201884274D040F2A0415AE040F227419D
:107BF000C4F20201884246DCA021C4F2020188429C
:107C00001EBFB821C4F20201884261D040F2104187
:107C100047E045F26B41C5F60201884246DC45F279
:107C20003041C5F6020188421EBF45F24441C5F607
:107C3000020188424CD045F2584145E02F2A24BF2A
:107C4000A2F13F00042880F08D8041F480111BE7F1
:107C50005821C4F2020188421EBF7021C4F2020101
:107C6000884235D088211CE040F2B841C4F20201BC
:107C700088421EBF45F20841C5F60201884227D05E
:107C800045F21C4120E040F22841C4F20201884242
:107C90001EBF40F24041C4F20201884218D040F2B7
:107CA0005841C4F20201884212D031E045F26C41E1
:107CB000C5F6020188421EBF45F29441C5F6020195
:107CC000884205D045F28041C5F6020188421FD1A5
:107CD0002046FBF725FDA068802804BF00206060D7
:107CE0006068216EC2B20A60D4E919124A60013894
:107CF000072809D82046FBF787FDE06E00210160C8
:107D0000D4E91C01416003E00020C4E91B00606766
:107D100000206065012184F8351001B0BDE8F083D2
:107D200040450FDC40F23F41C4F20201884227DCAB
:107D300040F21041C4F2020188423FF461AE40F2C9
:107D4000284130E040F29F41C4F20201884221DC28
:107D500040F27041C4F2020188423FF451AE40F259
:107D6000884120E0472AFFF48FAE492A24BFA2F1C0
:107D70004F00032898BF41F4801185E6402050E66B
:107D800040F24041C4F2020188423FF439AE40F271
:107D9000584108E040F2B841C4F2020188423FF481
:107DA0002FAE40F2A041C4F20201884208BF206811
:107DB00027E600000000000070B5044680B394F888
:107DC0003400012802BF0220C0B270BD012084F837
:107DD000340094F8350001281CD1022084F83500C5
:107DE00000206065206840F20F46C4F20206B042EF
:107DF00019DC6F25C4F20205A84229DC3F25C4F234
:107E00000205A8423FDC1025C4F20205A8425FD05B
:107E1000282557E0002084F834004FF400606065A6
:107E20000120C0B270BD40F26F45C4F20205A84205
:107E30001ADC40F23F45C4F20205A8422ADC40F2B7
:107E40001045C4F20205A84242D040F2284539E06C
:107E50009F25C4F20205A84225DC7025C4F2020564
:107E6000A84235D088252DE040F29F45C4F2020596
:107E7000A8421FDC40F27045C4F20205A84227D098
:107E800040F288451EE04025C4F20205A8421FD0FA
:107E9000582517E040F24045C4F20205A84217D029
:107EA00040F258450EE0A025C4F20205A8420FD0CA
:107EB000B82507E040F2B845C4F20205A84207D051
:107EC00040F2A045C4F20205A84208BF206800E0C5
:107ED0002068056825F0010505602046FBF714FDC4
:107EE0002068B04211DC6F21C4F20201884222DC1A
:107EF0003F21C4F2020188423BDC1021C4F202019E
:107F00008842014654D028214CE040F26F41C4F22F
:107F1000020188421CDC40F23F41C4F20201884267
:107F20002FDC40F21041C4F20201884201463FD0EA
:107F300040F2284136E09F21C4F2020188422ADC47
:107F40007021C4F202018842014631D0882129E023
:107F500040F29F41C4F20201884200F3958040F252
:107F60007041C4F202018842014621D040F28841AA
:107F700018E04021C4F202018842014618D058217D
:107F800010E040F24041C4F20201884201460FD0A5
:107F900040F2584106E0A021C4F2020188420146A5
:107FA00006D0B821C4F202018842014640F03C816B
:107FB0000A680B2161F3440221680A60226C1AB13D
:107FC0000A6842F008020A6040F26F41C4F20201FE
:107FD000884216DC9F22C4F2020290422CDC572217
:107FE000C4F20202904263DC1022C4F20202904208
:107FF0001EBF2822C4F20202904200F09980402263
:108000007FE045F22F42C5F60202904227DC40F2A3
:10801000B742C4F20202904256DC40F27042C4F20F
:10802000020290421EBF40F28842C4F20202904215
:108030007ED040F2A04264E040F22742C4F2020245
:10804000904250DCA022C4F2020290421EBFB8222D
:10805000C4F2020290426BD040F2104251E045F26D
:108060006B42C5F60202904250DC45F23042C5F642
:10807000020290421EBF45F24442C5F602029042FF
:1080800056D045F258424FE040F2A041C4F20201FE
:10809000884201463FF48CAF40F2B841C4F202017D
:1080A000884240F0C18040F2B841C4F202017FE74B
:1080B0005822C4F2020290421EBF7022C4F2020291
:1080C000904235D088221CE040F2B842C4F202024D
:1080D00090421EBF45F20842C5F60202904227D0E8
:1080E00045F21C4220E040F22842C4F202029042D3
:1080F0001EBF40F24042C4F20202904218D040F249
:108100005842C4F20202904212D086E045F26C421C
:10811000C5F6020290421EBF45F29442C5F6020225
:10812000904205D045F28042C5F60202904274D1D9
:10813000226E136813F4803F1EBF136843F48073EC
:108140001360E26E002A1EBF136843F4807313604D
:10815000B04210DC6F21C4F2020188421CDC3F21D6
:10816000C4F20201884232DC1021C4F202018842CA
:1081700052D028214AE088421ADC40F23F41C4F242
:10818000020188422ADC40F21041C4F20201884216
:1081900042D040F2284139E09F21C4F202018842D6
:1081A00025DC7021C4F20201884235D088212DE0FF
:1081B00040F29F41C4F2020188421FDC40F270414C
:1081C000C4F20201884227D040F288411EE04021DB
:1081D000C4F2020188421FD0582117E040F240410A
:1081E000C4F20201884217D040F258410EE0A021AB
:1081F000C4F2020188420FD0B82107E040F2B84132
:10820000C4F20201884207D040F2A041C4F2020148
:10821000884208BF206800E02068016841F0010141
:1082200001600020C0B270BD0268052161F3430205
:1082300021680A60226C002A3FF4C6AE0A6842F048
:108240000402C0E600000000B0B5044600F0F4F8F7
:10825000054640F21800C2F200400078611C18BFC9
:10826000044400BF00F0E8F8401BA042FAD3B0BDC0
:108270002DE9F04F83B00D68002D00F0C88042F268
:108280000042C5F602020A23904208BF0923019367
:1082900000F1264202F1FF724FEAB2220092002260
:1082A000032400274FF00108A8F1010A012303FA73
:1082B0000AFC15EA0C0900F09F80D1F804E00EF0EA
:1082C0000305A5F1010BBBF1010F11D804FA02F669
:1082D0008368B343CE68964033438360CEF3001384
:1082E00003FA0AF3466826EA0C063343436001E0CA
:1082F000032D1ED004FA02F3C66826EA03038E6833
:1083000096403343C360022D13D107F01C030F26A0
:108310009E404FF6FC75C7F6FF7505EA5A05054401
:108320002C6A24EA06060C6904FA03F30324334397
:108330002B6204FA02F3066826EA03034E6806F08D
:10834000030595402B43036016F4403F54D044F29C
:10835000F443C5F602031E461B6843F00203336074
:10836000336803F002030293029B2AF0030340F2F6
:108370000846C5F60006B6469E5907F00C050F24C0
:10838000AC4026EA040C009E092E019C38BF3446FE
:1083900004FA05F545EA0C0643F80E604FF0B044C8
:1083A000236843EA09064D6815F4801F08BF23EAD5
:1083B000090626600423C5F600031C461B6843EA31
:1083C000090615F4001F08BF23EA09062660D4F841
:1083D000803043EA090615F4003F08BF23EA090686
:1083E000C4F88060E36F43EA090615F4803F08BFD4
:1083F00023EA0906E66703240D6835FA08F302F15B
:10840000020207F1040708F101087FF44DAF03B041
:10841000BDE8F08F00000000002A08BF0904816158
:10842000704700000000000041F20000C5F6004067
:108430000068000C7047000041F68000C2F2004066
:10844000006870470000000040F21800C2F20040CF
:10845000007841F68001C2F200410A6810440860C9
:10846000704700000000000080B5032000F0DCF839
:1084700001F0DAFB44F21841C5F602010A68C2F3C2
:10848000032240F62033C0F601039A5C02F01F027B
:10849000D040096840F20402C2F20042106001F0CC
:1084A0000F01595C01F01F01C84040F20801C2F2FF
:1084B000004108600F2000F00BF800281CBF0120CD
:1084C00080BD00F081F8002080BD000000000000A9
:1084D000B0B5044640F21800C2F20040007800280F
:1084E00002BF01252846B0BD4FF47A71B1FBF0F010
:1084F00040F20401C2F200410968B1FBF0F002F061
:1085000087FA01250F2C0CD858B900254FF0FF3001
:108510002146002200F078F840F21C00C2F2004030
:1085200004602846B0BD000010B541784EF6A05258
:10853000CEF2000242F8081C116821F0010111601E
:10854000416842F8041C017BC37A1B0643EA0171AF
:1085500090F800C090F808E0437A847A41EAC44178
:10856000447B41EA8441847B41EA4441C07B41EA47
:10857000004040EA032040EA4E0040EA0C00106050
:1085800010BD000000000000BFF35F8F4EF62450C6
:10859000CEF20000016821F4803101600021016702
:1085A000704700000000000040F001004EF624512A
:1085B000CEF200010867086840F480300860BFF31D
:1085C0004F8FBFF36F8F704780B582B044F2F44095
:1085D000C5F60200016841F002010160006800F088
:1085E00002000190019805200021002200F00CF803
:1085F000052002B0BDE8804000F002B80000000095
:1086000006F0FEBB0000000070B514460D4606469D
:1086100006F006FC2946224603F002FD01463046DC
:10862000BDE8704006F004BC06F016BC0000000077
:10863000B0B544F60C05C5F602052A68296812F0A3
:10864000040F05D101F00701081A18BF0120B0BDC1
:1086500021F0070108432860FFF7EEFE044655F8B5
:10866000080C10F4005F1CBF0020B0BD07E000BF85
:1086700055F8080C10F4005F1CBF0020B0BDFFF7D8
:10868000DBFE001BB0F57A7F84BF0120B0BDEFE7B1
:1086900080B501F07DFA44F22041C5F60201096877
:1086A000C1F3021140F62032C0F60102515C01F024
:1086B0001F01C84080BD000080B544F2304CC5F6B3
:1086C000020C5CF808EC5CF8082C5CF8041CDCF884
:1086D000043001F00101494201EAD3016FF35F3137
:1086E00000EE101AC2F30512B8EE400A72B10EF095
:1086F0000303022B0FD0012B10D023B95CF8301CE0
:1087000011F0200F0DD19FED351A18E00021C0E9BE
:108710000011816080BD9FED301A10E09FED2D1A91
:108720000DE05CF8301CC1F3C10149F20003C0F256
:10873000D03323FA01F101EE101AB8EE411ADCF839
:108740000010DCF800306FF35F2102EE101A9FED8D
:10875000243A04EE102AC3F34621B8EE422AB8EEBA
:10876000444A05EE101AB7EE006A00EE032AB8EE8E
:10877000450A81EE041A32EE062A30EE060A21EE90
:10878000021A81EE000ABCEEC00A80ED000ADCF895
:108790000010C1F3064100EE101AB8EE400A30EEA8
:1087A000060A81EE000ABCEEC00A80ED010ADCF880
:1087B0000010C1F3066100EE101AB8EE400A30EE68
:1087C000060A81EE000ABCEEC00A10EE101A8160A3
:1087D00080BD00BF0024744A20BCBE4B0024744CF2
:1087E000000000390000000080B544F2384CC5F6A6
:1087F000020C5CF810EC5CF8102C5CF80C1CDCF83B
:108800000430C1F30011494201EAD3016FF35F3133
:1088100000EE101AC2F30532B8EE400A62B10EF053
:108820000303022B0DD07BB95CF8381C11F0200F2C
:108830000DD19FED351A18E00021C0E900118160CB
:1088400080BD9FED301A10E09FED2D1A0DE05CF811
:10885000381CC1F3C10149F20003C0F2D03323FA3E
:1088600001F101EE101AB8EE411ADCF80010DCF844
:1088700000306FF35F2102EE101A9FED243A04EEF0
:10888000102AC3F34621B8EE422AB8EE444A05EE58
:10889000101AB7EE006A00EE032AB8EE450A81EE20
:1088A000041A32EE062A30EE060A21EE021A81EE92
:1088B000000ABCEEC00A80ED000ADCF80010C1F32B
:1088C000064100EE101AB8EE400A30EE060A81EEBC
:1088D000000ABCEEC00A80ED010ADCF80010C1F30A
:1088E000066100EE101AB8EE400A30EE060A81EE7C
:1088F000000ABCEEC00A10EE101A816080BD00BFF5
:108900000024744A20BCBE4B0024744C0000003983
:1089100080B544F2404CC5F6020C5CF818EC5CF8EB
:10892000182C5CF8141CDCF80430C1F30021494217
:1089300001EAD3016FF35F3100EE101AC2F3055262
:10894000B8EE400A62B10EF00303022B0DD07BB9E2
:108950005CF8401C11F0200F0DD19FED351A18E086
:108960000021C0E90011816080BD9FED301A10E048
:108970009FED2D1A0DE05CF8401CC1F3C10149F2D6
:108980000003C0F2D03323FA01F101EE101AB8EE61
:10899000411ADCF80010DCF800306FF35F2102EEC2
:1089A000101A9FED243A04EE102AC3F34621B8EEC4
:1089B000422AB8EE444A05EE101AB7EE006A00EEFD
:1089C000032AB8EE450A81EE041A32EE062A30EE8A
:1089D000060A21EE021A81EE000ABCEEC00A80ED02
:1089E000000ADCF80010C1F3064100EE101AB8EEE0
:1089F000400A30EE060A81EE000ABCEEC00A80EDA5
:108A0000010ADCF80010C1F3066100EE101AB8EE9E
:108A1000400A30EE060A81EE000ABCEEC00A10EEF3
:108A2000101A816080BD00BF0024744A20BCBE4B78
:108A30000024744C0000003980B584B00246002048
:108A400041F6FF739B1A70EB01032FDB40F2FF33FB
:108A50009B1A70EB010356DA82F480630B4300F03B
:108A6000C68082F400630B4300F0DC8082F4805205
:108A7000114340F05B8144F20041C5F60201086DEC
:108A8000C0F30232042A00F2038248F20000C0F26E
:108A9000BB00DFE812F005004D0153014B01590105
:108AA000086810F0007F00F0F38117E147F6FF73CC
:108AB0009B1A70EB01034ADA82F400430B4300F087
:108AC000CC8082F480330B4300F0DE8082F40022FD
:108AD000114340F02B8144F20040C5F60200816D45
:108AE00001F44031B1F5003F00F0FE80B1F5803F68
:108AF00000F00881002940F0CB81006810F0006F81
:108B000040F08B81C4E182F480730B433ED082F449
:108B10000072114340F00A8144F20041C5F602019F
:108B2000086DC0F38212042A00F2B28148F20000FC
:108B3000C0F2BB00DFE812F005001A012001FA00C4
:108B40002601086810F0007F00F0A281C6E082F4E0
:108B500000530B4335D082F48042114340F0E6804D
:108B600044F20040C5F60200816DC1F3027105298F
:108B700000F28E81DFE811F00600740179019C009B
:108B8000A3008100FFF784FD04B080BD44F20041E2
:108B9000C5F60201086D00F00702042A00F2788190
:108BA00048F20000C0F2BB00DFE812F00500FE0052
:108BB0000301C0000801086810F0007F00F0688120
:108BC0008CE044F20040C5F60200016DC1F30241A1
:108BD000052900F25D81DFE811F006004D01570123
:108BE0006B007200500000F0F7FF04B080BD44F24B
:108BF0000041C5F60201886DC0F34252042A00F21A
:108C0000478148F20000C0F2BB00DFE812F0050027
:108C1000E800ED008F00F200086810F0007F00F01F
:108C200037815BE044F20041C5F60201886DC0F374
:108C30000262042A00F22C8148F20000C0F2BB005C
:108C4000DFE812F00500E700F1007400FB0008689F
:108C500010F0007F00F01C8140E044F20040C5F6B7
:108C60000200016D01F04051B1F1005F55D0B1F14A
:108C7000805F2ED0002940F00B810068800347F60A
:108C80004001C0F27D1120E044F20040C5F6020030
:108C9000C16C006811F4803F03D1800140F1F8807D
:108CA0001CE0000140F1F48001A8FFF79DFD31E0D8
:108CB000016811F0040F00F0EB800068C6E0006866
:108CC000C00540F60011C0F23D0101EAE07004B0B9
:108CD00080BD006810F0007F00F0DA8001A8FFF787
:108CE000EBFC029804B080BDC16C0368026811F00F
:108CF000405140F0D68013F0040300F0D280C2F35C
:108D0000C100A5E0006810F0005F00F0C18001A87C
:108D1000FFF7FEFD039804B080BD006810F0006FFF
:108D200000F0B68001A8FFF75FFD029804B080BD97
:108D3000086810F0006F00F0AB806EE0086810F07B
:108D4000005F00F0A58072E0CA6C0B68086812F042
:108D5000405202D113F0040378D1B2F1805F40F0A9
:108D6000C08010F4807040F0B680BAE0086810F05F
:108D7000006F00F08D8050E0086810F0005F00F098
:108D8000878054E0CA6C0B68086812F0405202D128
:108D900013F004035AD1B2F1805F40F0A28010F4C6
:108DA000807040F098809CE0086810F0006F6FD0F1
:108DB00033E0086810F0005F6AD038E0CA6C0B68D6
:108DC000086812F0405202D113F004033ED1B2F110
:108DD000805F40F0868010F480707CD181E008686C
:108DE00010F0006F54D018E0086810F0005F4FD00A
:108DF0001DE0CA6C0B68086812F0405202D113F0F3
:108E0000040323D1B2F1805F6BD110F4807062D182
:108E100067E0086810F0006F3AD001A8FFF7E4FCA3
:108E2000019804B080BD086810F0005F30D001A840
:108E3000FFF76EFD019804B080BDCA6C0B6808682E
:108E400012F0405241D113F004033ED0C0F3C100F0
:108E500049F20001C0F2D03121FA00F004B080BD27
:108E6000006810F0006F13D008E0006810F0005F99
:108E70000ED010E0006810F0006F09D001A8FFF7D5
:108E8000B3FC029804B080BD006810F0005F02D10E
:108E9000002004B080BD01A8FFF73AFD029804B09D
:108EA00080BDB1F1805F02D112F4807213D10068ED
:108EB00010F400301CBF47F64000C0F27D10B1F145
:108EC000005F18BF002004B080BDB2F1805F08D100
:108ED00010F4807005D040F60010C0F23D0004B0E0
:108EE00080BD086810F400301CBF47F64000C0F297
:108EF0007D10B2F1005F18BF002004B080BD0000FB
:108F00002DE9F04381B00446C078000744F22C48B4
:108F1000C5F6020826D5A06E4FEA305003280AD8BD
:108F2000DFE800F0020B1118D8F8000040F4003020
:108F3000C8F800000EE0012615E004F10800022147
:108F400003F08EF804E004F12800022103F018F980
:108F5000064640B9D8F82400A16E20F4401008431A
:108F6000C8F8240000266078C00701D135462BE000
:108F7000A06D04280DD83546DFE800F0030E141A62
:108F80001A00D8F8000040F40030C8F80000354658
:108F90000EE00125012718E004F10800002103F08C
:108FA0005FF804E004F12800002103F0E9F8054629
:108FB000002D2F4609D1D8F82400A16D20F007001C
:108FC0000843C8F8240000253746607880072BD571
:108FD000E06D4FEAB01004280BD8DFE800F0030D75
:108FE00013191900D8F8000040F40030C8F8000048
:108FF0000EE00125012618E004F10800002103F02D
:109000002FF804E004F12800002103F0B9F8054628
:10901000002D2E4609D1D8F82400E16D20F4E0702F
:109020000843C8F8240000253E46607840072ED546
:10903000D4F8A8004FEA705004280BD8DFE800F0FD
:10904000030E141A1A00D8F8000040F40030C8F8D3
:1090500000000FE001254FF0010919E004F10800BC
:10906000002102F0FDFF04E004F12800002103F0DC
:1090700087F80546002DA9460AD1D8F82C00D4F867
:10908000A81020F460000843C8F82C000025B14661
:10909000607800072DD5D4F8AC004FEA3060042882
:1090A0000BD8DFE800F0030D13191900D8F8000001
:1090B00040F40030C8F800000EE00125012719E057
:1090C00004F10800002102F0CBFF04E004F12800C5
:1090D000002103F055F80546002D2F460AD1D8F897
:1090E0002C00D4F8AC1020F0E0600843C8F82C0045
:1090F00000254F46E078800724D5E06C4FEA301019
:1091000003280AD8DFE800F012020C12D8F8000099
:1091100040F40030C8F8000008E00125012612E004
:1091200004F10800022102F09BFF0546002D2E46A7
:1091300009D1D8F82000E16C20F030000843C8F8CD
:10914000200000253E466078C0062BD5206E4FEAF1
:10915000303004280BD8DFE800F0030D1319190094
:10916000D8F8000040F40030C8F800000EE00125F7
:10917000012718E004F10800002102F071FF04E06B
:1091800004F12800002102F0FBFF0546002D2F46C8
:1091900009D1D8F82400216E20F4E0400843C8F833
:1091A0002400002537466078800624D5606E4FEA9B
:1091B000304005280AD8DFE800F012030C12121222
:1091C00004F10800012102F04BFF07E00125012610
:1091D00012E004F12800012102F0D2FF0546002D23
:1091E0002E4609D1D8F82400616E20F4E02008430F
:1091F000C8F8240000253E466078400626D5D4F8FD
:10920000B0004FEA307005280AD8DFE800F01203FA
:109210000C12121204F10800012102F021FF07E0F4
:109220000125012713E004F12800012102F0A8FF25
:109230000546002D2F460AD1D8F82C00D4F8B010DE
:1092400020F0E0400843C8F82C000025374660783D
:10925000000620D5206F90B1B0F1005F09D0B0F1C9
:10926000805F2AD1D8F8000040F40030C8F8000030
:1092700005E004F10800012102F0F2FE0546002D90
:109280002E4609D1D8F82400216F20F04050084321
:10929000C8F8240000253E46E078C00725D0A06C21
:1092A00003280DD8DFE800F015020F15D8F80000EC
:1092B00040F40030C8F800000BE001250126EBE780
:1092C0000125012712E004F10800022102F0C8FE86
:1092D0000546002D2F4609D1D8F82000A16C20F0BA
:1092E00003000843C8F8200000253746A078400650
:1092F00065D5D8F8D40340F48070C8F8D403FFF7DC
:109300009BF80646D8F8D40310F4807F07D1FFF706
:1093100093F8801B6428F5D9032503274FE00DB18E
:109320002F464CE0D8F84410D4F8B400414011F472
:10933000407F11D0D8F84410D8F8442042F480324D
:10934000C8F84420D8F8442022F48032C8F84420D9
:1093500021F44071C8F84410B0F5807F14D1FFF7B4
:109360006BF80646D8F8440010F0020F0CD141F219
:10937000883900BFFFF760F8801B4845CCD8D8F883
:10938000440010F0020FF5D0D4F8B40058F81C1CBB
:1093900021F47C5100F44072B2F5407F01BF4FF6DA
:1093A000CF72C0F2FF0202EA1012114348F81C1CEF
:1093B000D8F844106FF31F300843C8F844002078F1
:1093C000C00724D0E06F4FEAF00005280AD8DFE894
:1093D00000F012030C12121204F10800012102F035
:1093E0003FFE07E00125012612E004F128000121DB
:1093F00002F0C6FE0546002D2E4609D1D8F82800F9
:10940000E16F20F038000843C8F8280000253E46E8
:109410002078800722D5A06F05280AD8DFE800F061
:1094200012030C12121204F10800012102F018FEBE
:1094300007E00125012712E004F12800012102F0D4
:109440009FFE0546002D2F4609D1D8F82800A16FB0
:1094500020F007000843C8F8280000253746207888
:10946000400724D5D4F8940005280AD8DFE800F096
:1094700012030C12121204F10800012102F0F0FD97
:1094800007E00125012613E004F12800012102F084
:1094900077FE0546002D2E460AD1D8F82C00D4F8C8
:1094A000941020F007000843C8F82C0000253E4621
:1094B0002078800626D5D4F890004FEA3070052831
:1094C0000AD8DFE800F012030C12121204F10800AF
:1094D000002102F0C5FD07E00125012713E004F19A
:1094E0002800022102F04CFE0546002D2F460AD12D
:1094F000D8F82800D4F8901020F0E0400843C8F8CD
:109500002800002537462078400626D5D4F89C0050
:109510004FEAB02005280AD8DFE800F012030C1249
:10952000121204F10800002102F09AFD07E0012563
:10953000012613E004F12800022102F021FE054675
:10954000002D2E460AD1D8F82C00D4F89C1020F417
:10955000E0500843C8F82C0000253E46207800065D
:1095600026D5D4F8A0004FEA703005280AD8DFE8E5
:1095700000F012030C12121204F10800002102F094
:109580006FFD07E00125012713E004F12800022107
:1095900002F0F6FD0546002D2F460AD1D8F82C0022
:1095A000D4F8A01020F460400843C8F82C0000252F
:1095B00037462078000715D5D4F88400B0F5805FD1
:1095C00007D104F12800022102F0DAFD002818BFBB
:1095D0000127D8F82800D4F8841020F4405008431C
:1095E000C8F828002078C00615D5D4F89800B0F542
:1095F000807F07D104F12800022102F0C1FD00287C
:1096000018BF0127D8F82C00D4F8981020F4407027
:109610000843C8F82C00A078000721D5D4F8A4008E
:10962000B0F5003F0FD0B0F5803F06D078BB04F115
:109630000800002102F014FD04E004F128000221DA
:1096400002F09EFD0546002D2E460AD1D8F82C00CA
:10965000D4F8A41020F440300843C8F82C000025AA
:109660003E46A078400728D5D4F88800B0F5401FC2
:1096700016D0B0F5001F0DD0B0F5801F40F014815A
:10968000D8F8000040F40030C8F8000008E00125D8
:109690000126E6E704F12800012102F071FD0546EC
:1096A000002D2F460AD1D8F82800D4F8881020F4CD
:1096B00040100843C8F8280000253746A078C007A6
:1096C0001DD0206DB0F5803F07D0D0B9D8F800008C
:1096D00040F40030C8F8000005E004F10800022161
:1096E00002F0BEFC0546002D2E460CD1D8F8200015
:1096F000216D20F480300843C8F8200000253E4644
:1097000001E001250126E078800607D504F1280054
:10971000022102F035FD002818BF0126D4E900100F
:1097200011F4003F74D0D4F880206FF0010303EBF4
:109730003223022B0BD34FEA322343B1012B40F0EB
:10974000B680D8F8003043F40033C8F80030002D5C
:1097500057D0CA025FD4CA0067D48A0270D44A00C4
:1097600079D4B1F1FF3F40F38780090200F18F8087
:10977000C00707D004F10800002102F071FC0028A6
:1097800018BF05462079800707D504F1080001219C
:1097900002F066FC002818BF05462079400707D56F
:1097A00004F10800022102F05BFC002818BF054606
:1097B0002079000707D504F12800002102F0E0FC21
:1097C000002818BF05462079C00607D504F12800F7
:1097D000012102F0D5FC002818BF0546207980063B
:1097E00004D455B1012001B0BDE8F08304F1280094
:1097F000022102F0C5FC2843F4D1002001B0BDE8ED
:10980000F083D8F8283023F440731A43C8F828208E
:109810003546CA029FD5D8F82420636F22F0004253
:109820001A43C8F82420CA0097D558F81C2CD4F83D
:10983000B83022F480421A4348F81C2C8A028ED594
:10984000D8F82420E36E22F080721A43C8F824204E
:109850004A007FF586AF58F81C2C22F4004248F8E5
:109860001C2CD4F8BC2058F81C3C1A4348F81C2C7B
:10987000B1F1FF3F3FF779AFD8F82020636D22F0B8
:1098800040521A43C8F8202009027FF571AFD8F87A
:109890002810D4F88C2021F440011143C8F8281076
:1098A000C0077FF467AF6DE70125012706E70125B3
:1098B000CA027FF550AFAEE72DE9F04381B00D4607
:1098C000044648B342F20008C5F20028D8F8000068
:1098D00000F00F00A8420CD2D8F8000020F00F00D2
:1098E0002843C8F80000D8F8000000F00F00A84294
:1098F00078D1206844F21849C5F6020910F0040F27
:109900000CD101071AD4C10628D4810636D48107A8
:1099100044D4C00752D19DE0012034E12169D9F837
:10992000002002F07002914281BFD9F8002022F09D
:1099300070021143C9F800100107E4D56169D9F834
:10994000042002F07002914281BFD9F8042022F075
:1099500070021143C9F80410C106D6D5A169D9F81F
:10996000042002F4E062914281BFD9F8042022F47D
:10997000E0621143C9F804108106C8D5E169D9F83D
:10998000082002F07002914281BFD9F8082022F02D
:1099900070021143C9F808108107BAD5E168D9F8F7
:1099A000002002F00F02914281BFD9F8002022F07E
:1099B0000F021143C9F80010C0074BD0D9F80000BE
:1099C000A16820F470600843C9F8000060680328AB
:1099D0000AD002280FD159F8181C11F4003F16D1F3
:1099E0000120D0E00120CEE059F8181C11F0007FD2
:1099F0000DD10120C7E059F8181C012803D1C90571
:109A000005D40120BFE0490701D40120BBE059F88B
:109A1000081C21F00701084349F8080CFEF70CFD6B
:109A2000064659F8080C616800F03800B0EBC10F29
:109A300010D041F2883700BFFEF7FEFC801BB84211
:109A400000F2A08059F8080C616800F03800B0EB13
:109A5000C10FF1D1206810F0020F0DD0E168D9F8E4
:109A6000002002F00F0291423FBFD9F8002022F0FF
:109A70000F021143C9F80010D8F8001001F00F01CF
:109A8000A9420CD9D8F8001021F00F012943C8F8D9
:109A90000010D8F8001001F00F01A94270D1410761
:109AA0003DD401074BD4C10659D480060DD5E069D9
:109AB000D9F8081001F0700188423FBFD9F80810AA
:109AC00021F070010843C9F8080000F0ADF8D9F89A
:109AD0000010C1F3032140F62032C0F60102515CB0
:109AE00001F01F01C840D9F8001040F20403C2F28F
:109AF0000043186001F00F01515C01F01F01C840E4
:109B000040F20801C2F20041086040F21C00C2F2BB
:109B10000040006801B0BDE8F043FEF7D9BC216900
:109B2000D9F8002002F0700291423FBFD9F800201E
:109B300022F070021143C9F800100107B3D5616922
:109B4000D9F8042002F0700291423FBFD9F80420F6
:109B500022F070021143C9F80410C106A5D5A1690D
:109B6000D9F8042002F4E06291423FBFD9F8042002
:109B700022F4E0621143C9F804108006A5D596E7E7
:109B8000012000E00320C0B201B0BDE8F083000076
:109B900080B500F049F844F21841C5F602010A68A0
:109BA000C2F3032240F62033C0F601039A5C02F0B0
:109BB0001F02D040096840F20402C2F20042106065
:109BC00001F00F01595C01F01F01C84040F208018B
:109BD000C2F20041086080BD80B5FFF7D9FF44F2B2
:109BE0001C41C5F602010968C1F3021140F620329A
:109BF000C0F60102515C01F01F01C84080BD0000A9
:109C000080B5FFF7C5FF44F21C41C5F602010968A3
:109C1000C1F3022140F62032C0F60102515C01F08E
:109C20001F01C84080BD000044F20041C5F602019A
:109C30000869C0F3C20003281BD0022802BF47F600
:109C40004000C0F27D10704700281EBF40F6001093
:109C5000C0F23D0070470A6849F20000C0F2D030FF
:109C600012F0200F1FBF0968C1F3C101C84070473F
:109C70007047D1F828C0886ACB6A4A6B03F00103A9
:109C80005B4203EAD2026FF35F32C0F3051000EECD
:109C9000102AB8EE400A002804BF002070470CF0DC
:109CA0000302022A07D04AB90A6812F0200F08D12D
:109CB0009FED1F1A12E09FED1D1A0FE09FED1A1A7B
:109CC0000CE00A68C2F3C10249F20003C0F2D033CB
:109CD00023FA02F201EE102AB8EE411A0A6B096B60
:109CE0006FF35F2202EE102A9FED123A04EE100A83
:109CF000B8EE422AC1F34620B8EE444AB7EE005A05
:109D000000EE032A013081EE040A32EE051A02EE5B
:109D1000100AB8EE422A20EE010A80EE020ABCEEDA
:109D2000C00A10EE100A70470024744A20BCBE4BD3
:109D30000024744C00000039F0B581B0044610B323
:109D40002078C00744F20046C5F6020653D03169B8
:109D5000B06A01F03801102919D0182904BF00F0A9
:109D60000300022813D06068C8B1B0F5803F06D068
:109D70003168B0F5A02F28D141F4802030603068E0
:109D800040F4803027E00120C0B201B0F0BD30685F
:109D900010F4003F2FD0606868BB0120F4E7306802
:109DA00020F480303060306820F480203060FEF78E
:109DB00043FB0546306810F4003F1CD0FEF73CFB27
:109DC000401B6428F6D90320DEE721F480303060A0
:109DD000306820F480203060FEF72EFB054600BF7F
:109DE000306810F4003F06D1FEF726FB401B6428C4
:109DF000F6D90320C8E72078800766D53169B06AB4
:109E000011F038011BD0182908BF5FEA807016D006
:109E1000E0683168002847D021F01901084330601C
:109E2000FEF70AFB054600BF306810F0040F22D190
:109E3000FEF702FB401B0228F6D90320A4E7306896
:109E400010F0040F03D0E068002800F0F6813068BD
:109E5000E16820F0190008433060FEF7EDFA05468E
:109E6000306810F0040F06D1FEF7E6FA401B022816
:109E7000F6D9032088E7FEF7D7FA41F203018842BA
:109E80000AD82069716821F47C31402814BF41EA66
:109E9000003041F4003005E07068216920F0FE4098
:109EA00040EA0160706010E021F001003060FEF7D0
:109EB000C3FA0546306810F0040F06D0FEF7BCFA6E
:109EC000401B0228F6D903205EE72078C00654D54F
:109ED0003169B06A01F0380108291AD0182904BF85
:109EE00000F00300012814D0E169306899B340F014
:109EF00080003060FEF7A0FA054600BF306810F41D
:109F0000807F0ED1FEF798FA401B0228F6D9032075
:109F10003AE7306810F4807F1CBFE069802840F089
:109F20008E81FEF781FA41F2030188420BD8206A44
:109F3000716821F0F841202814BF41EA806041F0A7
:109F40008040706019E0F068216A20F07C5040EA9F
:109F50000160F06011E020F080003060FEF76CFAE4
:109F6000054600BF306810F4807F06D0FEF764FA23
:109F7000401B0228F6D9032006E72078000726D5E3
:109F80006169706F89B140F001007067FEF754FAA3
:109F9000054600BF706F10F0020F18D1FEF74CFAA3
:109FA000401B0228F6D90320EEE620F0010070677E
:109FB000FEF742FA054600BF706F10F0020F06D0A0
:109FC000FEF73AFA401B0228F6D90320DCE6207897
:109FD000800626D5A169306889B140F48050306090
:109FE000FEF72AFA054600BF306810F4005F18D16A
:109FF000FEF722FA401B0228F6D90320C4E620F41B
:10A0000080503060FEF718FA054600BF306810F443
:10A01000005F06D0FEF710FA401B0228F6D9032095
:10A02000B2E6207840070DD4676A97B3306900F034
:10A03000380018282FD1B16A306B012F40F0C4804E
:10A040000120A1E6D6F8000440F48070C6F80004B0
:10A05000FEF7F2F9054600BFD6F8000410F4807F41
:10A0600006D1FEF7E9F9401B6428F5D903208BE6F9
:10A07000A068002800F08C80012806D0316F0528E8
:10A0800040F0DF8041F004003067306F40F00100A5
:10A09000DDE0002078E6306820F080703060FEF768
:10A0A000CBF90546306800F00070022F40F0B78011
:10A0B00050B100BFFEF7C0F9401B022800F2E48057
:10A0C000306810F0007FF5D1B06A40F2F331884378
:10A0D000D4E90A12084340EA0210B06204F13003E6
:10A0E0000FCB7F324FF4FE0707EA024200F2FF1067
:10A0F0006FF35F207F31490289B20843104303F1B7
:10A100007F014FF0FE4202EA016108433063F06ACA
:10A1100020F00100F062706B4FF6F8718843A16C7B
:10A1200040EAC1007063F06A216C20F00C00084323
:10A13000F062F06A616C20F002000843F062F06A9D
:10A1400040F48030F062F06A40F40030F062F06A6F
:10A1500040F48020F062F06A40F00100F062306864
:10A1600040F080703060FEF767F90446306810F008
:10A17000007F40F0858000BFFEF75EF9001B0228DB
:10A1800000F288803168002011F0007FF4D0FBE5F8
:10A19000306F20F001003067306F20F0040030672E
:10A1A000FEF74AF90546306F10F0020F3FF43CAF5E
:10A1B00041F28837FEF740F9401BB84262D8306F51
:10A1C00010F0020FF6D12FE7A26A01F003039342C9
:10A1D00054D1E26AC1F30511914259D101466FF39E
:10A1E0005F21226B013A914256D1C0F34621626B46
:10A1F000013A914252D1C0F30641A26B013A914219
:10A200004ED1C0F30660E16B013988424AD1706BD0
:10A21000A16CC0F3CC00814246D10020B4E508B95E
:10A220000020B1E5FEF708F9401B02282ED831685E
:10A23000002011F0007FF5D1A6E50120A4E5012062
:10A24000A2E521F001003067306F20F00400306794
:10A25000FEF7F2F80546306F10F0020F7FF4E4AE1F
:10A2600041F28837FEF7E8F8401BB84204D8306F57
:10A2700010F0020FF6D0D7E6032085E5012083E534
:10A28000002081E503207FE503207DE503207BE5B9
:10A29000012079E5032077E5012075E5012073E5CC
:10A2A000012071E501206FE5F06A20F00100F06205
:10A2B000FEF7C2F80546FEF7BFF8A842FBD0706B68
:10A2C0004FF6F8718843A16C40EAC1007063F06AF0
:10A2D00040F00100F062002056E5000000000000A0
:10A2E0002DE9F041044680B30020A062256843F6C2
:10A2F0000006C4F20006B5421EBF43F60040C4F299
:10A300000000854208D043F20000C4F201008542FB
:10A310001CBFE0680F2818D8204602F021F8B5428B
:10A3200011D043F20001C4F201018D420BD043F67B
:10A330000042C4F20002954218BF082805D8B54271
:10A3400018BF8D4204D1102809D90120BDE8F08141
:10A35000954204D1102884BF0120BDE8F08194F813
:10A36000810028B9002084F88000204600F074F8AD
:10A37000022084F881002068016821F00101016059
:10A380008168D4F81880B8F1806F0FD163682BB161
:10A39000B3F5800F0AD1A36B43B903E0A36BB3F10C
:10A3A000805F03D1036843F48053036001F4F8161F
:10A3B000636813F4800E0AD0E568072D07D305689B
:10A3C000D4F850C025F4807545EA0C0502E0056814
:10A3D00025F480750560E568E169A26AE76B3143A1
:10A3E000114339432943816043EA0801626B1143F9
:10A3F000626A1143A26B1143A268D4E90476256A0C
:10A40000394331432943D4E9127631431143394367
:10A41000A26D1143C1604BB98168012262F3CC2166
:10A4200081608168022262F34A218160016D21F01E
:10A4300001010165BEF1000F05D0C168626D21F018
:10A4400000411143C1600020C4F88400012184F858
:10A450008110BDE8F0810000B0B5B8B00446002519
:10A460003795CDE93555CDE9335502A8C021F6F72A
:10A47000B8F8206843F60001C4F20001884201D018
:10A4800038B0B0BD03954FF4805002901A9502A8E1
:10A49000FEF736FD002818BFF9F73EFF44F2E04012
:10A4A000C5F60200816841F480418160816801F451
:10A4B000804101910199016841F002010160006849
:10A4C00000F0020001900198022034904FF46041A6
:10A4D00033910021CDE935100520379040F200403E
:10A4E000C5F6020033A9FDF7C3FE38B0B0BD0000C9
:10A4F0002DE9F04F81B0994617460E460446D0F834
:10A5000000B0C56BFDF798FF804694F881000128E4
:10A5100007D146B14FB194F8800001280AD102203A
:10A5200004E0022002E0012000E00120C0B201B0FE
:10A53000BDE8F08F042084F881000020C4F8840076
:10A54000A4F86A70012184F880106666A4F8687027
:10A55000E065A4F86000C4E91C00A4F8620020686B
:10A56000A168B1F5C02F04D1016821F40061016038
:10A5700004E0C168022262F35241C16001214268D5
:10A580004FF6FF739A433A434260026842F0010279
:10A5900002606268B2F5800F02BF026842F4007286
:10A5A000026001EB5510E268102A3CD3B4F86A103F
:10A5B000002900F0F38009F1010586B220684169A5
:10A5C000426912F0010F05D1B4F86A20090411D5CF
:10A5D000B2420FD2006B616E0860606E043060663C
:10A5E000B4F86A000138A4F86A00B4F86A000028D8
:10A5F000E4D1D3E0FDF720FF002DF6D0A0EB08005A
:10A600004845F2D3204601F04FFED4F8840040F4D0
:10A610008070C4F88400002084F88000012084F851
:10A620008100032082E7B4F86A10082A53D3002976
:10A6300000F0B4804FF6FF7109F1010A87B24E1E97
:10A6400021684869496911F0010F17D1B4F86A10FF
:10A6500002040CD5B9420AD2BBF83000616E088002
:10A66000606EBBF830104180043031460EE0B4F823
:10A670006A10800415D5012913D100BFBBF8300042
:10A68000616E0880606E02304FF6FF716066B4F84C
:10A690006A000844A4F86A00B4F86A000028CFD120
:10A6A0007CE0FDF7C9FEBAF1000FF5D0A0EB080081
:10A6B0004845F1D3204601F0F7FDD4F8840040F47A
:10A6C0008070C4F88400002084F88000012084F8A1
:10A6D000810003202AE7002960D04FF6FF7109F1BD
:10A6E000010586B2CF1E00BF20684169426912F0A1
:10A6F000010F27D1B4F86A200B041CD5B2421AD23C
:10A7000090F83000616E08702068616E4A1C6266C5
:10A7100090F8300048702068616E4A1C626690F8BC
:10A72000300048702068616E4A1C626690F8300004
:10A73000487038460CE0B4F86A2011F4C04F14D0C9
:10A74000032A12D890F83000616E08704FF6FF703F
:10A75000616E01316166B4F86A100844A4F86A00B9
:10A76000B4F86A000028BFD118E0FDF765FE002D9F
:10A77000F6D0A0EB08004845F2D3204601F094FD46
:10A78000D4F8840040F48070C4F88400002084F879
:10A790008000012084F881000320C7E6204601F0F4
:10A7A00083FD012084F88100002084F88000D4F823
:10A7B0008400002818BF012001B0BDE8F08F000020
:10A7C0002DE9F0471D4617460E460446D0F8009086
:10A7D000FDF732FE804694F8810001280BD1002E4F
:10A7E00018BF002F03D10120C0B2BDE8F08794F854
:10A7F0008000012803D10220C0B2BDE8F087032009
:10A8000084F881000020C4F88400A4F8627001215B
:10A8100084F88010E665A4F860706066A4F86800AB
:10A82000C4E91C00A4F86A002068A268B2F5C02F31
:10A8300004D1016841F40062034604E0034653F882
:10A840000C2F61F352421A6041684FF6FF72914338
:10A8500039434160016841F0010101606168B1F56F
:10A86000800F02BF016841F400710160E1681029A6
:10A8700024D3B4F86200002800F09A806E1C00BF58
:10A880002068416911F0020F08D1FDF7D5FD86B1AE
:10A89000A0EB0800A8420CD3A7E000BFE16D096857
:10A8A0000162E06D0430E065B4F862000138A4F89C
:10A8B0006200B4F862000028E2D179E0B4F86200E6
:10A8C000082932D3002873D04FF6FE706E1C471C47
:10A8D0002068416911F0020F07D1FDF7ADFDFEB10F
:10A8E000A0EB0800A8421BD37FE0B4F86210022955
:10A8F00008D3E16B31B1E16D0968016204204FF6C4
:10A90000FE7105E0E06D0088A9F8200002203946BC
:10A91000E26D1044E065B4F862000844A4F86200F7
:10A92000B4F862000028D3D142E0002840D04FF6AE
:10A93000FE706E1CA0F1020A471C00BF206841692E
:10A9400011F0020F07D1FDF777FD6EB3A0EB080001
:10A95000A84229D349E0B4F86210042924BFE16B6E
:10A96000412914D2B4F86210022909D3E16B39B13C
:10A97000E06D0088A9F8200002204FF6FE710BE080
:10A98000E16D097880F820100120394604E0E16D7E
:10A990000968016204205146E26D1044E065B4F894
:10A9A00062000844A4F86200B4F862000028C5D12F
:10A9B00020462946424601F0DFFC00281EBFD4F89D
:10A9C000840040F02000C4F88400204601F06CFCB4
:10A9D000012084F88100002084F88000D4F88400ED
:10A9E000002818BF0120BDE8F087204601F05CFC7C
:10A9F000D4F8840040F48070C4F88400002084F807
:10AA00008000012084F881000320C0B2BDE8F087F7
:10AA100001F0D6BC0000000090F83C300222012B6F
:10AA200055D010B580F83D20012280F83C20026806
:10AA30005368D2F808E042F4806440F2004CC4F25B
:10AA4000010C644502BF4C6823F4700323430C6877
:10AA500023F070032343536041F2FF73C4F20003F9
:10AA60009A420BDC40F2FF73C4F200039A4215DCF9
:10AA7000B2F1804F1ED040F2004317E040F2FF33A6
:10AA8000C4F201039A4224DC41F60003C4F200033D
:10AA90009A420FD00023C4F2010309E040F60003FC
:10AAA000C4F200039A4205D040F60043C4F200030A
:10AAB0009A4204D189682EF08003194391600022E4
:10AAC00080F83C20012180F83D10BDE81040D0B254
:10AAD000704744F20003C4F201039A4218BF624572
:10AAE000E8D0ECE70000000010B50446002804BFE1
:10AAF000012010BD94F83D0028B9002084F83C00E6
:10AB0000204600F025F8022084F83D002068211D31
:10AB100001F082FD012084F8480084F83E0084F8AA
:10AB20003F0084F8400084F8410084F8420084F833
:10AB3000430084F8440084F8450084F8460084F813
:10AB4000470084F83D00002010BD00000000000018
:10AB50000068B0F1804F18BF704781B044F2E84000
:10AB6000C5F60200016841F001010160006800F0D3
:10AB700001000090009801B0704700000000000044
:10AB800090F83D1001291CBF01207047022180F878
:10AB90003D10016841F2FF70C4F2000081420BDCFD
:10ABA00040F2FF70C4F20000814213DCB1F1804F2B
:10ABB00029D040F2004015E040F2FF30C4F201001D
:10ABC000814214DC41F60000C4F2000081421AD038
:10ABD000002014E040F60000C4F20000814212D0D0
:10ABE00040F60040C4F2000081420CD01DE044F267
:10ABF0000000C4F20100814205D040F20040C4F2DE
:10AC00000100814211D188680722C0F2010202408E
:10AC10000020062A18BFB2F5803F00D170470868AF
:10AC200040F00100086000207047086840F0010013
:10AC3000086000207047000001680A6A41F21113A1
:10AC40001A4208D10A6A40F244431A4202BF0A6813
:10AC500022F001020A60012180F83D1000207047B7
:10AC600010B50B46044690F83C10022001297BD019
:10AC700084F83D00012084F83C0020688168882227
:10AC8000CFF6CE721140816019686F290BDDB1F1EA
:10AC9000101F17DAB1F5005F25DA70293FD0B1F542
:10ACA000805F5AD039E02F2916DD4F2920DC30296A
:10ACB00051D0402931D15968DA6801F059FD206836
:10ACC000402148E02F22C0F2100291421BDCB1F17A
:10ACD000101F40D020221CE0002918BF10293AD0B4
:10ACE000202938D019E025D0B1F5801F33D014E0E9
:10ACF00050292AD0602910D15968DA6801F04CFD3A
:10AD00002068602127E03022C0F21002914222D058
:10AD10004022C0F2100291421DD001201EE0D3E972
:10AD20000121DB6801F00CFD2068816841F07701AA
:10AD3000816012E0D3E90121DB6801F001FD2068A8
:10AD4000816841F48041816007E05968DA6801F068
:10AD50000FFD2068502101F0FFFC0020002184F845
:10AD60003C10012184F83D10C0B210BD000000006D
:10AD700090F88410012902BF0221C8B27047242133
:10AD8000C0F8881002681368116821F00101116091
:10AD90000021416623F00053136080F884102022C4
:10ADA000C0F88820C8B27047B0B5044690F8840057
:10ADB000012802BF0220C0B2B0BD2420C4F8880020
:10ADC000012084F8840020680568026822F00102EE
:10ADD0000260826822F0606211438160204603F0C5
:10ADE000DBFA20680560002084F884002021C4F884
:10ADF0008810C0B2B0BD0000B0B5044690F8840021
:10AE0000012802BF0220C0B2B0BD2420C4F88800CF
:10AE1000012084F8840020680568026822F001029D
:10AE20000260826822F0604211438160204603F094
:10AE3000B3FA20680560002084F884002021C4F85B
:10AE40008810C0B2B0BD000010B50446D8B1D4F827
:10AE5000880028B9002084F88400204600F028F8F3
:10AE60002420C4F888002068016821F001010160F5
:10AE7000A06A00281CBF204603F0BAFA204603F05F
:10AE8000BFFB012801D1012010BD2068416821F4D9
:10AE900090414160816821F02A018160016841F0A0
:10AEA000010101602046BDE8104003F015BB000021
:10AEB000B0B5B8B0044600253795CDE93555CDE994
:10AEC000335502A8C021F5F78CFB206844F6000139
:10AED000C4F20001884249D041F20001C4F20101EC
:10AEE00088427DD10024039401200290219402A87D
:10AEF000FEF706F8002818BFF9F70EFA44F2E04012
:10AF0000C5F60200016941F010010161016901F01B
:10AF1000100101910199016841F00101016000688F
:10AF200000F0010001900198022034904FF4C060BD
:10AF30003390CDE93544072037900020C5F6020054
:10AF400033A9FDF795F9252000210022FDF75CFBD0
:10AF50002520FDF755FB40F2A420C2F20040006816
:10AF6000016841F02001016038B0B0BD03950224B2
:10AF70000294209502A8FDF7C3FF002818BFF9F737
:10AF8000CBF944F2E040C5F60200816841F480212B
:10AF90008160816801F4802101910199016841F08B
:10AFA00002010160006800F00200019001983494F1
:10AFB0004FF4406033900020CDE9350007203790F2
:10AFC0000020C5F6020000F5806033A9FDF750F9B6
:10AFD000272001210022FDF717FB2720FDF710FB9A
:10AFE00038B0B0BD000000002DE9F04381B01D462F
:10AFF00016460F460446D0F8880020281CD10120B0
:10B00000002F18BF002E18D04FF00009C4F8909000
:10B010002120C4F88800FDF70FFA8046A4F8546098
:10B02000A4F85660A068B0F5805F0AD12669002EAA
:10B030000CBFB9463E460CE00220C0B201B0BDE8EC
:10B04000F0833E4605E000BFB4F856000138A4F88E
:10B050005600B4F85600A8B1009520468021002281
:10B06000434603F095FDE8B926B1206816F8011BA8
:10B070008162E9E7206839F8021B6FF35F21816282
:10B080000026E1E70095204640210022434603F0D8
:10B090007FFD2021C4F88810002818BF032001B0CC
:10B0A000BDE8F0832020C4F888000320C5E7000035
:10B0B000FEE700000000000081684FF6C072C7F68E
:10B0C000FF72114041F002018160704700000000F2
:10B0D00081684FF6C072C5F6FF72114081607047FB
:10B0E00081684FF6C072C7F6FF72114041F001014E
:10B0F000816070470000000081684FF6C072C6F69C
:10B10000FF72114041F080518160704700000000E3
:10B11000806800F0E0707047806800F4404070473D
:10B12000806800F01F0070478068C0F3C00070475F
:10B13000C06C00F4C070B0FA80F0400970470000A5
:10B1400081684FF6C072C7F6FF72114041F02001CE
:10B1500081607047000000008068C00F70470000E9
:10B160008068C0F3407070478068C0F3400070474B
:10B17000806800F001007047806800F001007047AF
:10B180008068C0F3007070478068C0F3800070472B
:10B190008068C0F380007047C06800F44060B0FA77
:10B1A00080F0400970470000C26822F0030211439A
:10B1B000C16070470000000001F01F0C1F2303FA5C
:10B1C0000CF3C1F3012100EB8100016B9943C2F341
:10B1D000846202FA0CF21143016370470000000020
:10B1E00081684FF6C072C7F6FF72114041F004014A
:10B1F000816070470000000081684FF6C072C7F69A
:10B20000FF72114041F010018160704700000000A2
:10B21000C1F3045C072303FA0CF3C1F3406100EBB4
:10B2200081004169994302FA0CF211434161704770
:10B2300080B5CB434FF6FF7CC0F20F0C63EA0C0ED7
:10B24000D0F8C03003EA0E0302F018022CFA02F222
:10B2500011406FF31F511943C0F8C01080BD0000AA
:10B26000826822F47C121143816070470000000064
:10B27000826822F0E0721143816070470000000094
:10B2800001F01F0102FA01F1026922F4F0421143B8
:10B29000016170470000000002F0F8421A4300EB21
:10B2A0008100016E01F0004111430166704700000A
:10B2B00000EB8100016E21F00041114301667047EF
:10B2C00002F0804201F48031114382684FF6C0736E
:10B2D000C3F6FE731A40114341F00041816070478C
:10B2E00010B584B000240094FDF74EF901940120BC
:10B2F000ADF8000048F21F70029040F20110039078
:10B300006846FDF711F90420FDF74EF904B010BDB1
:10B3100010B58AB000240994CDE9074440F27C00BE
:10B32000C2F2004042F20001C4F202014FF4802256
:10B3300008234FF0010C80E80E1003618482022183
:10B34000816104774FF4AC614FF480620694CDE9DB
:10B350000444CDE90244CDE900444FF4805300F1A8
:10B36000240E8EE80610C0E90C3480F83840FAF755
:10B37000CFFC002818BFF8F7CFFF079440F27C00FD
:10B38000C2F2004007A9FAF7A3F8002818BFF8F79F
:10B39000C3FF0620019040F20010C2F2801000901E
:10B3A0000420029040F2FF71CDE9031000200590C7
:10B3B0008DF8190040F27C00C2F200406946FAF7AD
:10B3C0000BF9002818BFF8F7A7FF0C20019048F2EE
:10B3D0000000C3F6F060009040F27C00C2F2004032
:10B3E0006946FAF7F9F8002818BFF8F795FF40F218
:10B3F0007C00C2F20040002140F2FF72FAF708F828
:10B400000AB010BD0000000010B582B0F6F71CFDB8
:10B41000F6F78AFF44F2E840C5F60200016841F001
:10B4200000510160006800F000500190019840F266
:10B43000C060C2F2004047F20041C4F20001016066
:10B44000FBF7C6F8002818BFF8F766FF1620F6F7D6
:10B450004FFD002818BFF8F75FFF40F2C060C2F24E
:10B460000040002400214FF400624FF40063FAF71B
:10B47000D7FE40F63430C2F20040046040F67870E7
:10B48000C2F20040046040F68070C2F200400460E6
:10B4900040F63030C2F20040046040F67470C2F2F0
:10B4A0000040046040F6F870C2F20040047041F6BB
:10B4B0007E00C2F20040047040F64130C2F200400B
:10B4C000047002B010BD000080B582B044F2D840D4
:10B4D000C5F60200016841F001010160006800F05A
:10B4E0000100019001980B2000210022FDF78CF84B
:10B4F0000B2002B0BDE88040FDF782B800000000DC
:10B500002DE9F04F89B04FF00008CDE90788CDE96B
:10B51000058844F2E040C5F60200016841F04001B0
:10B520000160016801F0400103910399016841F055
:10B5300001010160016801F00101039103990168B3
:10B5400041F010010160016801F0100103910399BD
:10B55000016841F008010160016801F008010391F0
:10B560000399016841F480610160016801F4806120
:10B5700003910399016841F080010160016801F0C5
:10B58000800103910399016841F400710160016831
:10B5900001F4007103910399016841F00201016017
:10B5A000016801F0020103910399016841F004016F
:10B5B0000160006800F004000390039841F2000469
:10B5C000C5F6020404F500664FF4806530464FF47A
:10B5D00080610022FCF720FF204640F2FC7100222F
:10B5E000FCF71AFFA4F5806738464CF2830100226D
:10B5F000FCF712FF04F5C05B584606210022FCF759
:10B600000BFFA4F5406001904FF001094FF4805109
:10B610000122FCF701FF04F5A05A50464FF42461C3
:10B620000022FCF7F9FE04F540600290042100229C
:10B63000FCF7F2FECDE90459CDE9069804AD304699
:10B640002946FCF715FE5C20CDE90409CDE90698F2
:10B6500020462946FCF70CFE8020CDE90409CDE9FF
:10B66000069838462946FCF703FE2020CDE9040958
:10B670000226CDE9066820462946FCF7F9FD4CF282
:10B680000300CDE90409CDE9068838462946FCF7D0
:10B69000EFFD0620CDE90409CDE906885846294684
:10B6A000FCF7E6FD4FF48050CDE90409CDE906969C
:10B6B00001982946FCF7DCFDCDF814904FF4246086
:10B6C0000490CDE9068850462946FCF7D1FDCDF817
:10B6D000149004200490CDE9069802982946FCF7BE
:10B6E000C7FDCDF814904FF4F0600490CDE90688C2
:10B6F00020462946FCF7BCFD09B0BDE8F08F0000EC
:10B7000010B540F2D010C2F200404FF4800C43F666
:10B710000002C4F20002002307214FF0806E4FF0B8
:10B72000C044C0E9002CC0E90231C0E90433C0E9DB
:10B7300006E4C0E90833C0E90A33C0E90D33C0E9C3
:10B740000F33C0E91133C0E913334FF00041C0E9B2
:10B750001513FEF7C5FD00281CBFBDE81040F8F723
:10B76000DBBD10BD0000000080B588B00021CDE930
:10B770000611CDE9041140F25820C2F200404FF00A
:10B78000804240F2DF13C0E90021C0E902130161E9
:10B7900081610391CDE90111FFF7A6F9002818BFD7
:10B7A000F8F7BAFD4FF48050049040F25820C2F2EE
:10B7B000004004A9FFF754FA002818BFF8F7ACFDC1
:10B7C000002003902020019040F25820C2F2004057
:10B7D00001A9FFF721F9002818BFF8F79DFD08B06F
:10B7E00080BD00000000000080B540F2A420C2F23D
:10B7F00000404FF4E13141F20002C4F201020023A3
:10B800004FF00C0CC0E908338362C0E90021C0E9A5
:10B810000233C0E9043CC0E90633FFF715FB0028FA
:10B8200018BFF8F779FD40F2A420C2F200400021D1
:10B83000FFF7E2FA002818BFF8F76EFD40F2A420E7
:10B84000C2F200400021FFF7AFFA002818BFF8F756
:10B8500063FD40F2A420C2F20040FFF789FA0028FD
:10B860001CBFBDE88040F8F757BD80BD0000000058
:10B8700080B540F23830C2F200404FF4165144F621
:10B880000002C4F2000200234FF00C0CC0E90833A0
:10B890008362C0E90021C0E90233C0E9043CC0E989
:10B8A0000633FFF7D1FA002818BFF8F735FD40F24C
:10B8B0003830C2F200400021FFF79EFA002818BF7E
:10B8C000F8F72AFD40F23830C2F200400021FFF7BD
:10B8D0006BFA002818BFF8F71FFD40F23830C2F2AB
:10B8E0000040FFF745FA00281CBFBDE88040F8F78C
:10B8F00013BD80BD00000000FEE700000000000056
:10B9000080B54FF0FF334FF0000C48F2203ECEF6EA
:10B91000B85E06E00CF1010CBCF13C0F04BFD8434B
:10B9200080BD10F80C1083EA010208218EEA520350
:10B9300012F0010F08BF530801391A46F6D1E9E7A2
:10B940000138C1B2032984BF04A0704740B240F659
:10B950000031C0F6010151F820007047554E4B4EA2
:10B960004F574E0000000000F8F7A6B90000000095
:10B97000411A00200029C8BF0120704700000000C4
:10B980002DE9F047A0B0044688B1FFF7EDFF70B98C
:10B990004DF20005C0F2FF1510A9284600F00CF981
:10B9A00028B905F58050694600F006F918B1012064
:10B9B00020B0BDE8F08710A800F00EF905466846F3
:10B9C00000F00AF9E5B120B112990298FFF7D0FF13
:10B9D000B8B910AF8FCFDDE91565DDE917CE0DF1F0
:10B9E000640A9AE8000784E88F00C4E90565C4F892
:10B9F0001CC01CAB0FCBC4E908E8C4E90A9A0FE0ED
:10BA0000B0B19DE82F500DF11C0A9AE8C00784E8F8
:10BA10002F50E6610CAB0FCB04F1200C8CE88007B3
:10BA200004F1300C8CE80F00002020B0BDE8F08756
:10BA300020464021F4F7D5FDB9E7000000000000E2
:10BA4000F0B589B00446002804BF09B0F0BD3CA0A1
:10BA500004F040FF271DE0CF3846FFF771FF00904C
:10BA60003FA031462A463B4603F092FA04F10C030C
:10BA70000FCB04281FD140F62A70C0F6010003F056
:10BA800087FAD4E9070144F6D352C1F26202A1FB5E
:10BA90000237BB094FF47A7703FB17110091A0FB23
:10BAA0000212910901FB170240F60170C0F6010075
:10BAB00003F06EFA1BE040F65470C0F6010003F08C
:10BAC00067FAD4E9070144F6D352C1F26202A1FB3E
:10BAD0000237BB094FF47A7703FB17110091A0FBE3
:10BAE0000212910901FB17022AA003F051FA94ED0A
:10BAF000090A94ED0A1A94ED0B2A94ED0C3A94ED90
:10BB00000D4AB7EEC44AB7EEC33AB7EEC22AB7EE53
:10BB1000C11AB7EEC00A8DEC081B53EC102B40F68F
:10BB2000D960C0F6010003F033FAD4E90E1240F6F2
:10BB3000B160C0F6010009B0BDE8F04003F028BADA
:10BB40005B4D4F44454C2053544F524147455D2077
:10BB500076616C6964207265636F72643A0D0000EF
:10BB6000202073657175656E63653D256C75207663
:10BB7000657273696F6E3D256C752066696C7465BE
:10BB8000725F747970653D256C7520282573290DC9
:10BB90000A00000020206761696E3D256C752E2526
:10BBA00030336C752C20513D256C752E2530336C4F
:10BBB000750D0A000000000010B50C464022F8F791
:10BBC00043F9002804BF002010BD20464021F4F7AF
:10BBD00008FD012010BD0000016844F24C42C4F68B
:10BBE0004F52914204BF4168012901D000207047A3
:10BBF00010B5C46BFFF784FE201AB0FA80F040093C
:10BC000010BD0000000000002DE9F041A0B0054685
:10BC100000284BD0FFF7A8FE0124002847D110A828
:10BC2000FFF7AEFED5E900CED5E9023105F11008E7
:10BC300098E84401EF69CDE90426CDE90231CDE968
:10BC400000CE05F1200E9EE84E50AD6B0B960A9388
:10BC500009920891CDE9068744F24C41C4F64F5150
:10BC6000CDE900141299002808BF4C1C0294002052
:10BC7000CDE90E50CDE90CCE6846FFF741FE0F909E
:10BC800004F001004DF20001C0F2FF1101EB00359C
:10BC90000FA021462A4603F07BF92846F7F7D8FF84
:10BCA00048B118A004F016FE012400E0012420464B
:10BCB00020B0BDE8F081694628464022F8F7A8FA8E
:10BCC00020B11BA004F006FE0124F0E70024EEE7FB
:10BCD0005B4D4F44454C2053544F524147455D20E6
:10BCE000736176652073657175656E63653D256C5E
:10BCF0007520736C6F743D30782530386C580D0AA0
:10BD0000000000005B4D4F44454C2053544F5241BE
:10BD100047455D2074617267657420736563746F55
:10BD200072206572617365206661696C65640D00DF
:10BD30005B4D4F44454C2053544F524147455D2085
:10BD40007265636F726420777269746520666169D9
:10BD50006C65640D00000000B0B590B00546F0B110
:10BD60006C4620464021F4F73CFC287803902A1DBD
:10BD700007CA04AB07C3288A0790688A089014355D
:10BD80002FCD0DF1240C8CE82F0000F04DFE0E900D
:10BD90002046FFF739FF28B105A004F09BFD0120E4
:10BDA00010B0B0BD0DA004F095FD002010B0B0BDE6
:10BDB0005B4D4F44454C2053544F524147455D2005
:10BDC0005461736B3520726573756C742073617682
:10BDD00065204641494C45440D0000005B4D4F44F1
:10BDE000454C2053544F524147455D205461736B7D
:10BDF0003520726573756C742073617665640D000F
:10BE0000B0B5A0B063A004F065FD4DF20005C0F22E
:10BE1000FF1505F5805468A02946224603F0B8F8BE
:10BE20006FA004F057FDFFF79FFD20B141F62020E1
:10BE3000C0F601000BE02846F7F70AFF18B92046C4
:10BE4000F7F706FF40B141F6A010C0F6010004F07C
:10BE500041FD012020B0B0BD10AC20464021F4F7D8
:10BE6000C0FB43F2390014900320139042F210708B
:10BE7000159043F69820169040F2E240179040F259
:10BE8000DB301890002019900021C4F2F721CDE991
:10BE90001A100020C4F249201C9048F20000C4F29D
:10BEA000BB501D9040F2EE701E902046FFF7ACFE96
:10BEB00020B141F6F010C0F60100C8E743F23A00A5
:10BEC000149010A8FFF7A0FE20B141F6C010C0F6F4
:10BED0000100BCE76846FFF753FD20B141F6701042
:10BEE000C0F60100B3E70298022848D113980399DD
:10BEF000814244D114980499814240D11598059902
:10BF000081423CD116980699814238D117980799F9
:10BF1000814234D118980899814230D19DED1A0A96
:10BF20009DED0A1AB4EE401AF1EE10FA27D19DEDFC
:10BF30001C0A9DED0C1AB4EE401AF1EE10FA1ED157
:10BF40009DED1D0A9DED0D1AB4EE401AF1EE10FAAA
:10BF500015D11E980E99814211D141F64010C0F6BC
:10BF6000010004F0B7FC6846FFF76AFD41F6D00017
:10BF7000C0F6010004F0AEFC002020B0B0BD41F6D8
:10BF80001010C0F6010004F0A5FC6846FFF758FD4C
:10BF90005FE700BF0D0A5B4D4F44454C2053544FA3
:10BFA000524147455D206475616C2D736C6F742040
:10BFB000746573740D0000005B4D4F44454C205375
:10BFC000544F524147455D20413D30782530386C13
:10BFD000582C20423D30782530386C580D0A00002E
:10BFE0005B4D4F44454C2053544F524147455D20D3
:10BFF0007468697320746573742065726173657306
:10C0000020626F7468206D6F64656C20736C6F7450
:10C01000730D000000000000FEE7000000000000BB
:10C0200000F0070000F1040CC31EBCF1070F38BF7D
:10C03000002380F00700042828BF04204FF0010CE3
:10C040000CFA00F00138084098400CFA03F101396D
:10C0500011400843704700007047000000000000D6
:10C06000F0B581B00C46054644F22C47C5F60207F0
:10C0700057F8040C00F00300032801D101207CE0F4
:10C0800057F82C0C20F0806047F82C0CFCF7D4F902
:10C09000064600BF57F82C0C10F0006F06D0FCF7D6
:10C0A000CBF9801B0228F5D9032066E057F8040C71
:10C0B000296820F47C3040EA013047F8040C2B1D3D
:10C0C0000FCB7F324FF4FE0606EA024200F2FF1069
:10C0D0006FF35F207F31490289B20843104303F1B7
:10C0E0007F014FF0FE4202EA01610843F8603868C0
:10C0F000696920F0C000084338603868A96920F0F9
:10C10000200008433860386820F010003860386933
:10C110004FF6F8718843E96940EAC1003861386830
:10C1200040F0100038603CB13868012C14BF40F476
:10C13000001040F4801002E0386840F400203860BD
:10C1400057F82C0C40F0806047F82C0CFCF774F981
:10C15000044657F82C0C10F0006F0BD1FCF76CF96B
:10C16000001B032808D257F82C0C10F0006FF5D0F4
:10C17000002002E0002000E00320C0B201B0F0BDCA
:10C18000F0B581B00C46054644F22C47C5F60207CF
:10C1900057F8040C00F00300032801D101207CE0D3
:10C1A00057F82C0C20F0805047F82C0CFCF744F981
:10C1B000064600BF57F82C0C10F0005F06D0FCF7C5
:10C1C0003BF9801B0228F5D9032066E057F8040CE0
:10C1D000296820F07C7040EA015047F8040C2B1DC0
:10C1E0000FCB7F324FF4FE0606EA024200F2FF1048
:10C1F0006FF35F207F31490289B20843104303F196
:10C200007F014FF0FE4202EA01610843786138681D
:10C21000696920F44060084338603868A96920F4EF
:10C22000007008433860386820F480703860B8695E
:10C230004FF6F8718843E96940EAC100B86138688F
:10C2400040F4807038603CB13868012C14BF40F075
:10C25000807040F4000002E0386840F480003860EC
:10C2600057F82C0C40F0805047F82C0CFCF7E4F801
:10C27000044657F82C0C10F0005F0BD1FCF7DCF8EB
:10C28000001B032808D257F82C0C10F0005FF5D0E3
:10C29000002002E0002000E00320C0B201B0F0BDA9
:10C2A00070470000000000000168D1F814C08B69DD
:10C2B00043F008038B618B6943F010038B610B68BB
:10C2C00023F001030B600B6940F26F3223EA020294
:10C2D0000A618A6822F440428A6090F881301CF03A
:10C2E000200F18BF042B09D0D0F8842042F0800220
:10C2F000C0F884208A6942F020028A6190F8813077
:10C300005FEA4C620BD5032B09D0D0F8842042F0B1
:10C310000402C0F884208A6942F040028A615FEA20
:10C320008C5209D5D0F8842042F00102C0F8842054
:10C330008A6942F400728A615FEACC5209D5D0F86A
:10C34000842042F00802C0F884208A6942F4807296
:10C350008A610021A0F86210A0F86A1070470000FE
:10C36000C168C06B012202EB50100831C908484374
:10C370007047000000000000F0B581B014460D4683
:10C3800006460068406910F0080F0ED16F1C00BF10
:10C39000FCF752F817B1001BA84208D23068406978
:10C3A00010F0080FF4D0002002E0002000E003208D
:10C3B000C0B201B0F0BD00007047000000000000F6
:10C3C000B0B501380024B4EB106F1EBF0124204625
:10C3D000B0BD4EF21005CEF2000568604FF0FF30A0
:10C3E0000F2102F025FDAC60072028602046B0BD7B
:10C3F000FCF72AB800000000B0B59CB009A84C2199
:10C40000F4F7EFF80024CDE90744CDE90544CDE980
:10C410000344CDE901440220FCF70AF9009440F2FC
:10C420002C41C5F60001086820F00100086008688A
:10C4300000F00100009044F61800C5F60200026802
:10C4400042F440420260026802F440420092009AC4
:10C45000026812F4005FFBD04FF6DC42CFF6FF72A9
:10C46000835843F002038350825802F00202009284
:10C47000009A00220092026842F440420260026880
:10C4800002F4404200920A6842F001020A60096820
:10C4900001F0010100910099016811F4005FFBD0E7
:10C4A0004FF480300A90012009900220CDE912005B
:10C4B00005211491C021CDE91510CDE917000824FC
:10C4C00019940025CDE91A5509A8FDF735FCA0B946
:10C4D000032002903F200190CDE903544020CDE994
:10C4E00005004FF48061CDE9071001A80421FDF794
:10C4F000E3F9002804BF1CB0B0BDF7F70DFF000042
:10C500004EF68850CEF20000016841F470010160DF
:10C5100042F2000CC5F2002CDCF8001001F00F0113
:10C5200006299FBFDCF80010072262F30301CCF854
:10C53000001044F20041C5F602010A6842F001020F
:10C540000A6000220A610B684EF67F50CEF6F62094
:10C5500018400860DCF8000010F0080F1FBFDCF87E
:10C560000000072363F30300CCF800008A61CA616E
:10C570000A6240F20020C0F2022088620020C0F26D
:10C58000FF10C86240F28020C0F2011008634A63C5
:10C590008863CA6308644A64086820F480200860DD
:10C5A0000A6641F20000C5F600400068B2EB507F19
:10C5B00001BF48F20810C5F20010012101604FF4DC
:10C5C000005043F2D2014CF8001070470000000008
:10C5D000B0B5044640F25825C2F200452846FEF7A1
:10C5E0002BFB286800218162002C08BF012441F642
:10C5F0000042C0F64E6202EB5403B3FBF4F3022B8D
:10C6000098BF02235C1EC462EC604162012141615B
:10C61000B2FBF3F0B0BD0000B0B544F2000EC4F2BE
:10C62000010E036840F6FF32C4F2000290420FDCB4
:10C63000B0F1804F1EBF40F20042C4F200029042AF
:10C6400012D040F60002C4F2000290420CD050E03A
:10C6500040F60042C4F2000290421EBF40F2004287
:10C66000C4F2010290423FD14A6823F070031343A1
:10C67000A0EB0E02B2FA82F24FEA521C0EF50062F3
:10C68000821AB2FA82F252090EF58064041BB4FADF
:10C6900084F46409CD6823F440732B434D6923F07F
:10C6A00080032B4303608B68C3620B688362002A9C
:10C6B00008BF002C07D1AEF5804290421CBFAEF5FA
:10C6C000705290420CD109690163012141610169F5
:10C6D00011F0010F1EBF016921F001010161B0BD20
:10C6E000BCF1000FF1D0EEE70022C4F2010290424B
:10C6F000BAD0B0EB0E02B2FA82F24FEA521C0EF53B
:10C700000062A0EB0202B2FA82F24FEA52120EF578
:10C710008064A0EB0404B4FA84F44FEA54141EBFFE
:10C7200044F60005C4F20105A842B3D044F2004526
:10C73000C4F20105A842ADD0B0E70000000000003F
:10C74000114341EA0321826822F47F421143816050
:10C75000704700000000000082684FF68873CFF633
:10C76000CF731A40114341F0070181607047000008
:10C77000D0F820C0036A23F001030362836923F029
:10C78000F00343EA021282612CF00A0211430162B3
:10C790007047000000000000D0F820C0036A23F0BA
:10C7A00010030362836923F4704343EA0232826117
:10C7B0002CF0A00242EA0111016270470000000063
:10C7C00080B540F21000C2F20040006800F010F89E
:10C7D00000204FF4DC71BDE88040F4F7CDBD0000CF
:10C7E00040F21000C2F200400068704700000000F4
:10C7F00010B500F00DF8014640F21004C2F20044FA
:10C8000020600020F4F7FCFD206810BD000000004F
:10C8100044F24021C0F20F01884228BF084664223A
:10C82000642898BF1046323048F21F53C5F2EB130C
:10C83000A0FB030358095043884238BF014608460D
:10C840007047000000000000B0B52DED048B0C46D1
:10C8500005464FF47A7000F033F9B0EE408A28466E
:10C8600000F02EF9B0EE409A40F21400C2F20040FF
:10C8700000EE104A90ED001A9FED142AB2EE043A31
:10C88000B8EE400A9FED124A80EE030AB8EE411A54
:10C8900020EE020A81EE041A80EE010A28EE008AD8
:10C8A000284600F075F9B6EE001A88EE092A00EE67
:10C8B000021ABCEEC10A10EE100AB0F5107F28BFB4
:10C8C0004FF4107080B2BDEC048BB0BD0000F0429C
:10C8D00000007A440000000070B52DED088B82B096
:10C8E0000D4600F025F90446284600F049F90546B2
:10C8F00020462946FFF7A8FF0646204600F0E0F84C
:10C90000B0EE408A204600F043F9B0EE409A002095
:10C910003146F4F731FD00202146F4F771FD009611
:10C920004CF6CD40CCF6CC40A5FB0001CA0802EB8A
:10C930008200A5EB400340F6E270C0F601002146FC
:10C9400002F026FB9FED1FAAB6EE00BAB0EE4B0A2E
:10C9500008EE0A0ABCEEC00A10EE100A44F6D354E0
:10C96000C1F26204A0FB041291094FF47A7501FB35
:10C97000150240F6A470C0F60100782302F008FB0F
:10C9800040F21400C2F2004001680FA002F000FB68
:10C9900009EE0ABABCEECB0A10EE100AA0FB041294
:10C9A000910901FB150212A002F0F2FA41F64020B3
:10C9B000C0F6010002B0BDEC088BBDE8704003F08A
:10C9C00089BF00BF00007A445265666572656E6378
:10C9D00065206F75747075742063616C6962726133
:10C9E00074696F6E203D202575206D562E0D0A004E
:10C9F0004D65617375726564207061746820636F42
:10CA00007272656374696F6E203D207825752E25DE
:10CA1000303375202866633D3332352E3120487A15
:10CA2000292E0D0A0000000040F21400C2F200405E
:10CA3000006870470000000080B500F091F80146E2
:10CA400040F21400C2F20040016004A002F0A0FA1B
:10CA50000DA0BDE8804003F03DBF00BF0D0A5B5450
:10CA600061736B20345D207265666572656E636507
:10CA7000206F75747075742073657420746F202531
:10CA800075206D560D0A000053656E6420342066D3
:10CA900072657175656E6379207461726765742063
:10CAA000746F206170706C7920746869732072658E
:10CAB000666572656E63652E0D0000000000000063
:10CAC00080B52DED028B9FED160A01EE100A9FED49
:10CAD000152AB8EE411A9FED143A21EE000AB7EE7E
:10CAE000001A20EE022A00EE021A20EE030A21EEBE
:10CAF000018A00EE008AB0EE480A02F065FEB4EE4C
:10CB0000C00AF1EE10FA03D7B0EE480A02F05CFE5C
:10CB1000B1EE041A81EE000ABDEC028B80BD00BFAD
:10CB2000DB0FC94077CC2BB252499D390000000081
:10CB300040F6B831884228BF08466422642898BF6E
:10CB40001046323048F21F53C5F2EB13A0FB03032B
:10CB500058095043884238BF0146084670470000D4
:10CB600040F2DC5188423CBF40F2DC50704740F656
:10CB7000C411884238BF01460846704700000000D3
:10CB80000A283CBF0A207047142828BF1420704789
:10CB900080B52DED048B9FED118A9FED110A01EEFA
:10CBA000100AB8EE411A01EE018A21EE009AB0EEA9
:10CBB000480A02F009FEB4EEC00AF1EE10FA03D7FB
:10CBC000B0EE480A02F000FEB7EE001A89EE000A45
:10CBD00081EE000ABDEC048B80BD00BF026DCE4724
:10CBE0007DB3893F000000002DE9F04F81B02DEDAD
:10CBF000068B88B00E46834641F67F08C2F2004895
:10CC000098F8000000281CBF0FF20C4003F062FEF1
:10CC100040F25824C2F200442046FEF70DF840F2DC
:10CC20007C05C2F200452846F9F7B2FA014698F8A9
:10CC3000000028B16A6DAB6D0FF2F83002F0A8F970
:10CC40002068002141626FF00102026140F2740528
:10CC5000C2F20045297040F2750AC2F2004A8AF811
:10CC6000001098F8000000281CBF0FF2004003F0ED
:10CC700031FE40F27C07C2F2004740F20009C3F2E5
:10CC80000009384649464FF40052F9F7F5F90446D1
:10CC900098F8000040B17A6DBB6D41F27A20C0F681
:10CCA0000100214602F074F93CB141F65040C0F653
:10CCB000010003F00FFE0020A7E198F80000002813
:10CCC0001CBF0FF2C43003F005FE40F25820C2F240
:10CCD0000040FDF755FF044698F8000030B141F2DE
:10CCE0002A40C0F60100214602F052F96CB140F230
:10CCF0007C00C2F20040F9F74BFA41F63040C0F632
:10CD0000010003F0E7FD00207FE1CDF818B047F601
:10CD1000FF70C0F23E0030440596B0FBF6F000F123
:10CD2000C806FBF789FB079098F8000060B140F255
:10CD3000E000C2F200400068426841F2D130C0F623
:10CD40000100314602F024F92878B8B19AF80000C1
:10CD5000002842D040F25820C2F20040FDF76CFF9C
:10CD600040F27C00C2F20040F9F712FA41F630506E
:10CD7000C0F6010003F0AEFD002046E1079C00BFB5
:10CD80009AF800000028E1D1FBF756FB834640F2F9
:10CD9000E000C2F2004000684368002B00F004810C
:10CDA000ABEB040064280ED398F8000050B129784A
:10CDB0009AF80020786D009041F23F20C0F6010003
:10CDC00002F0E6F85C460798ABEB0000B04200F2D8
:10CDD000F98028780028D3D0B8E798F8000060B12F
:10CDE000297840F2E000C2F200400068426841F257
:10CDF0000140C0F6010002F0CBF840F25820C2F228
:10CE00000040FDF719FF40F27C00C2F20040F9F744
:10CE1000BFF998F800000028DDF818A005D041F609
:10CE2000E020C0F6010003F055FD4FF400714846C4
:10CE300061F35F10BFF34F8F4EF65C71CEF20001CD
:10CE40004A46DDF814B000BF0A60203820320028BE
:10CE5000FADCBFF34F8FBFF36F8F98F8000028B153
:10CE600041F65060C0F6010003F034FD00209FED54
:10CE70008C0AB0EE401A00BF09EB8001498839F8EE
:10CE8000202002EE102A03EE101AB8EE422AB8EE65
:10CE9000433A013031EE021A30EE030AB0F5805FFA
:10CEA000EAD19FED809A00209FED7DAA20EE090A2D
:10CEB00021EE091A4FF6FF74B0EE4A2A002500272A
:10CEC0004FF6FF7609EB8001498839F8202003EE00
:10CED000102A04EE101AB8EE433AB8EE444ABBB238
:10CEE00033EE413A34EE404A9A4288BF1746A3B225
:10CEF0009A4238BF1446AAB2914288BF0D46B2B2D8
:10CF0000914238BF0E46013003EE032A04EE04AA14
:10CF1000B0F5805FD6D18AED021A8AED030A22EEBF
:10CF2000098AB0EE480A02F04FFCB4EEC00AF1EEF6
:10CF300010FA03D7B0EE480A02F046FC8AED040A64
:10CF40002AEE098AB0EE480A02F03EFCB4EEC00AAE
:10CF5000F1EE10FA03D7B0EE480A02F035FC9AED74
:10CF6000041AAAF818408AED050AAAF81A70AAF855
:10CF70001C60AAF81E50CAF820B0B1EE042AB4EE24
:10CF8000C21AF1EE10FA07DA41F6D050C0F60100ED
:10CF900003F0A0FC002038E080EE010A8AED000AD0
:10CFA0008AED010A012030E00120287098F8000085
:10CFB00000283FF4CBAE41F6B040C0F6010003F0CC
:10CFC00089FCC3E640F25824C2F200442046FDF733
:10CFD00033FE3846F9F7DCF829789AF8002040F259
:10CFE000E000C2F2004000684368786DBF6D2668BB
:10CFF000756A3669CDE90007CDE9025641F2B120E4
:10D00000C0F6010001F0C4FF002008B0BDEC068BA3
:10D0100001B0BDE8F08F00BF5B5461736B20355DDC
:10D020002041444320707265706172652E2E2E0D72
:10D03000000000005B5461736B20355D2041444368
:10D040002073746F70207374617475733D2575203F
:10D0500073746174653D307825303858206572727C
:10D060006F723D3078253038580D0A005B5461737B
:10D070006B20355D2041444320444D412073746151
:10D0800072742E2E2E0D00005B5461736B20355D83
:10D090002054494D322073746172742E2E2E0D006F
:10D0A000000000000000803980B590ED4E0A90ED40
:10D0B0004F1A90ED502A90ED003A90ED014A90ED14
:10D0C000025A32EE011A33EE042A4FF0000C31EE10
:10D0D000001A32EE050AC1F800C000F1040E012268
:10D0E0000B6800EB83039EED002A93ED003AB4EE4B
:10D0F000C32AF1EE10FAC8BF0A6000EB8C0393ED6F
:10D10000003AB4EEC32AF1EE10FAB8BF94460EF11D
:10D11000040E0132512AE3D1B0EE082A09689FEDCE
:10D12000234A81EE021A80EE022A21EE043A22EE10
:10D13000040A8A1E4C2A10D800EB810191ED005A96
:10D14000B4EEC05AF1EE10FAC1BFB4EEC35AF1EE1C
:10D1500010FA0320C0B2C8BF80BD00EB8C0090ED78
:10D16000005A25EE044AB4EEC24AF1EE10FA0BDA88
:10D17000ACF102004C2807D8B4EEC14AF1EE10FA27
:10D18000BEBF0420C0B280BDB4EEC32AF1EE10FAD7
:10D19000C2BF0120C0B280BDB4EEC01AF1EE10FAD9
:10D1A000CCBF02200020C0B280BD00BF6666E63F53
:10D1B000B0B5044640F25825C2F200452846FDF7B6
:10D1C0003BFD28680021816262014AF22013C0F20F
:10D1D00007039A4238BF630142F21072934298BF2C
:10D1E000134641F60042C0F64E6202EB5304B4FB14
:10D1F000F3F3022B98BF02235C1EC462EC60416211
:10D2000001214161B2FBF3F0B0BD0000000000005D
:10D210009FED0A0A9FED0A1A02EE100AB8EE422AA2
:10D2200022EE000AB6EE002A80EE010A30EE020A73
:10D23000BCEEC00A10EE100A704700BF00404E4519
:10D2400000F07F4500000000704700000000000073
:10D250000138C1B2032984BF04A0704740B240F630
:10D260001031C0F6010151F820007047554E4B4E69
:10D270004F574E00000000002DE9F0472DED108BB8
:10D28000ADF52A7D8846814658B1B8F1010F0AD024
:10D29000B8F1020F26D109F5A07100264E204F22C9
:10D2A00005E0002071E1012202204946012609EB38
:10D2B000820291ED000A92ED001A09EB800090EDD8
:10D2C000002A30EE010AB0EE081A30EE020A9FED95
:10D2D000B2DA80EE01BAB4EECDBAF1EE10FA03DAAA
:10D2E000002052E1002050E1002540F6783AC0F6D7
:10D2F000010A9FEDAA9A59AF08AC00BF0AEB0500DE
:10D3000090ED000A09EB050090ED001AB8EE400A16
:10D31000781920EE090A80ED000A81FE0D0A02F05C
:10D32000D5F8601980ED000A0435B5F5A27FE5D186
:10D330004FF000099FED9A0ADFED9AFADFED9FEAC0
:10D34000B0EE40FAF0EE40DAB0EE40EA00EE109AAD
:10D35000B8EE400A9FED941A80EE011A9FED940AF0
:10D360009FED922A01EE020A01F0B0FFB0EE408A72
:10D3700060EE099A69EEA9AA4FF0000A6BEE2ABA8C
:10D3800000EE10AAB8EE400A9FED8A1A80EE011A4C
:10D39000B0EE6E0A9FED882A01EE020A01F096FFB8
:10D3A000B0EE409A002589EE80CAF0EE6D8A00BF8B
:10D3B0007819D0ED00CAB0EE6A0A0CEEEC0A2CEE39
:10D3C0002C1A20EE00AA01EE01AAB0EE4A0A02F0E1
:10D3D000FBF9B4EEC00AF1EE10FA03D7B0EE4A0A38
:10D3E00002F0F2F92BEE2C1A2CEE811A002E01FE1F
:10D3F0002B1A81EE000A80FE0D0A02F067F8601910
:10D4000090ED001A30EE410A043540EE008AB5F581
:10D41000A27FCDD10AF1010A88FEEFAAF4EEEF8ACD
:10D42000F1EE10FABCBFB0EE48FAB0EE49EABAF13C
:10D43000640FF0EE4AFAA3D109F10109B9F1A00F86
:10D44000F0EE4AFA9FED559A7FF480AF1AEE100A7B
:10D4500001F0C6FC01460020B5EEC0EAF1EE10FA7C
:10D46000C4BFB5EEC0FAF1EE10FA40F38E80002989
:10D4700000F08B809FED520AB6EE001A3FEE012AB3
:10D48000B0EE413A0BEE003A0EEE001A2FEE094ACA
:10D4900040F6D074C2F200440020BCEEC22ABCEEBA
:10D4A000C33ABCEEC11A24EE040A84EE0E4AC4E963
:10D4B000020084ED012A13EE101A218211EE101AD7
:10D4C000618284ED084A84ED090A26B12BEE000A38
:10D4D000C4E9050004E09FED320AA06184ED05BABD
:10D4E00084ED070A4046FFF7B3FE014635A001F080
:10D4F0004FFD608A44F6D352C1F26202A0FB0213D0
:10D500009B096168278A4FF47A7603FB1600CDE900
:10D510000030A7FB0202920902FB167330A001F053
:10D5200037FD9FED3B0A8AEE008AB0EE480A02F012
:10D530004BF9B4EEC00AF1EE10FA03D7B0EE480A88
:10D5400002F042F9B7EEC00A53EC102B31A001F003
:10D550001FFD94ED050A94ED061A94ED072A94ED4B
:10D56000083A94ED094AB7EEC44AB7EEC33AB7EEAB
:10D57000C22AB7EEC11AB7EEC00A8DEC081B53ECF5
:10D58000102B29A001F004FD01200DF52A7DBDEC32
:10D59000108BBDE8F08700BFA69B443BDB0FC94062
:10D5A00000000000FFFF7F7F00001F43540CDD40A0
:10D5B0008E5D93400000C642D18BA9408E5D13C0A2
:10D5C00000007A440D0A5B5461736B20355D2025A1
:10D5D00073206D6F64656C206669743A0D0A0000F3
:10D5E000202066303D256C7520487A2C20706173B0
:10D5F0007362616E64206761696E3D25752E25300A
:10D6000033752C20513D25752E253033750D0A00BC
:10D610000000A2422020666974206C6F672D524D75
:10D62000533D25660D0A00002020482873293A2022
:10D6300062323D25662062313D25662062303D25FF
:10D64000662061313D25662061303D25660D0A006A
:10D65000B5EEC00AF1EE10FADCBF002070479FED76
:10D66000081A9FED082A20EE010AB6EE001A80EE95
:10D67000020A30EE010ABCEEC00A10EE100A704732
:10D6800000404E4500F07F452DE9F04F81B02DED73
:10D69000068BDAB040F64030C2F200400021017043
:10D6A000079140F6D070C2F2004000F8041B24211C
:10D6B000F2F797FFD2A003F00DF9DCA003F00AF90E
:10D6C00000F09AFB41F20B10C0F601005121032239
:10D6D000032301F05DFC40F2DC50F4F7E9FA30B1CD
:10D6E00041F61060C0F6010003F0F4F882E1002773
:10D6F000012540F67838C0F6010808AC0DF1240980
:10D7000041F67F0AC2F2004A4CF6CD40CCF6CC403E
:10D71000A5FB000B58F827603046214600F0C0F901
:10D72000002800F0B880089849F827009AF800000F
:10D7300090B9502F1FBF4FEA9B0000EB80000138CB
:10D74000B84209D1791C41F2E040C0F601005122F3
:10D75000334601F01DFC00BF01350137512FD3D3F3
:10D7600041F2CE00C0F6010048F2A062C0F2010210
:10D770006421512301F00CFC09AC07A92046FFF7F6
:10D7800093FC40F6D076C2F200463070FFF760FDA1
:10D79000014641F27030C0F6010001F0F9FB30782B
:10D7A000411E0229C0F08080042800F08F800328E9
:10D7B00040F0038141F65030C0F6010003F08AF8D2
:10D7C000079800F071FB0024002800F0F780D6E9EC
:10D7D0000201081A318A96ED010A9FEDA41A02EEA1
:10D7E000100A03EE101AB8EE422AB8EE400AB8EE5C
:10D7F000433A22EE018A9FED9E2A20EE010A28EE8E
:10D80000031A20EE009A81EE02AA7461F46186ED9B
:10D81000088A86ED099A86ED06AA41F6A060C0F650
:10D82000010003F057F8331D0ECB41F2BF40C0F6A4
:10D83000010001F0ADFB708A44F6D351C1F26201E0
:10D84000A0FB01239B094FF47A7203FB1200378A75
:10D850000090A7FB0101890901FB127241F26940A6
:10D86000C0F6010001F094FB41F6C020C0F60100B3
:10D8700003F030F8B7EEC90AB7EEC81AB7EECA2AF5
:10D880008DED001B8DED020B53EC122B41F2273076
:10D89000C0F601008DE0F4F727FA41F6F030C0F64B
:10D8A000010003F017F8A5E0FFF7D2FC014641F2B2
:10D8B0002100C0F6010001F06BFB317809A8FFF7E9
:10D8C000DBFC0446002818BF012477E00025ADF8F2
:10D8D0001A5041F62030C0F6010002F0FBFF201D77
:10D8E000012100BF04EB850290ED000A92ED001AC1
:10D8F000B4EEC10AF1EE10FAB8BF0D4604300131A2
:10D900005129EFD109A90DF11A02284600F0F8FBC0
:10D91000002852D041F67060C0F6010002F0DAFF34
:10D92000D6E90110F268BDF81A30CDE9000244F6DC
:10D93000D354C1F26204A3FB040292094FF47A7536
:10D9400002FB153341F28A40C0F6010001F020FBD2
:10D95000708AA0FB0412930903FB1500328A009021
:10D96000A2FB0401890901FB152241F24440C0F6E3
:10D97000010001F00DFB41F69020C0F6010002F01D
:10D98000A9FF96ED050A96ED071A96ED082A96ED81
:10D99000093AB7EEC33AB7EEC22AB7EEC11AB7EEEC
:10D9A000C00A8DEC061B53EC102B41F24B30C0F635
:10D9B000010001F0EDFA012400E00024F4F794F9ED
:10D9C00041F6B030C0F6010002F084FF64B140F6C9
:10D9D000D070C2F20040FEF7BFF9012040F640319E
:10D9E000C2F20041087005E041F67040C0F6010047
:10D9F00002F070FF5AB0BDEC068B01B0BDE8F08FAD
:10DA00000D0A5B5461736B20355D20556E6B6E6F34
:10DA1000776E2D6D6F64656C206C6561726E696EDA
:10DA20006720737461727465642E0D005043353D38
:10DA300056696E2C205041333D566F75742C206210
:10DA40006F7468204144432070696E73206D757354
:10DA50007420626520626961736564206E6561721D
:10DA600020312E363520562E0D000000DB0FC94028
:10DA700000007A4400000000002818BF012041F691
:10DA80007F01C2F200410870F4F706B900000000FF
:10DA900040F64030C2F200400078704700000000BD
:10DAA000F0B581B02DED028B8AB00C460546B9B1B8
:10DAB00000279FED0F8A01AE2846314600F01CF882
:10DAC00080B19DED020A013738EE008A032FF3D3AF
:10DAD000B0EE080A88EE000A84ED000A012002E098
:10DAE000002000E000200AB0BDEC028B01B0F0BDC8
:10DAF00000000000000000002DE9F04F81B02DED86
:10DB0000068B8EB00D460646F4F79AF8304600F0C4
:10DB100033FCFAF799FB3046FFF74AFB01462846EB
:10DB2000FFF762F8002859D095ED020AFFF790FD43
:10DB3000074695ED030AFFF78BFD0D90288BFFF745
:10DB400067FB0C90688BFFF763FB0446A88BFFF71D
:10DB50005FFB8346E88BFFF75BFB804695ED048A0D
:10DB6000B0EE480AFFF774FD814695ED059AB0EED8
:10DB7000490AFFF76DFD0B909FED79AA28EE0A0A7E
:10DB8000FFF766FD824629EE0A0AFFF761FD0A905B
:10DB900095ED009AB0EE490AFFF756FB85ED010AB4
:10DBA000A7F5AF609FED6F1AB6EE00AAB0EE4A2A55
:10DBB00009EE012AB0EE4A3A00EE013ABCEEC21A72
:10DBC000BCEEC30AB0F5FA7F0AD941F24400C0F6B0
:10DBD0000100394601F0DCF90020BBE00020B9E08B
:10DBE000B2EE0E2AB4EEC28AF1EE10FA0CDA41F26D
:10DBF0007C00C0F60100494640F2122240F2DC539C
:10DC000001F0C6F90020A5E04146A8EB0B00099001
:10DC100041F67F00C2F20040007800287DD0DDF898
:10DC20003080A4EB0800059011EE100A079010EE6A
:10DC3000100A08902A6A4CA0CDF818B08B463146DD
:10DC400001F0A6F995ED020A30EE0A0ABCEEC00A10
:10DC50000094059801A981E8010610EE101A41F21E
:10DC60007310C0F601003A46434601F091F995ED74
:10DC7000030A30EE0A0ABCEEC00ACDF800B00998DB
:10DC800001900B9802900A98039010EE101A41F23E
:10DC9000D910C0F601000D9A069B01F079F944F6FF
:10DCA000D354C1F26204079AA2FB040189094FF41C
:10DCB0007A7501FB152234A001F06AF9089AA2FBDB
:10DCC0000401890901FB152236A001F061F93EA08B
:10DCD00001F05EF9002440F20009C3F2000941F2AC
:10DCE0000758C0F6010800BF09EB8400458839F8E1
:10DCF00024603046FFF78CFA07462846FFF788FA7B
:10DD00000090404631463A462B4601F041F9013435
:10DD1000082CE9D136A002F0DDFD0D98A0F5AF602A
:10DD2000B0F5FA7F05D941F68030C0F6010002F067
:10DD3000D1FD0120099913290CD841F67F01C2F2C7
:10DD40000041097831B141F6F040C0F6010002F01F
:10DD5000C1FD01200EB0BDEC068B01B0BDE8F08F17
:10DD6000F304354000007A445B5461736B20355DE9
:10DD700020663D257520487A2046733D256C752028
:10DD8000487A0D0A0000000020204761696E28745F
:10DD90006F74616C20524D53293D25752E2530330B
:10DDA000750D0A00202046696C74657220676169F0
:10DDB0006E28636F72726563746564293D25752EE4
:10DDC000253033750D0A00002020526177207361E1
:10DDD0006D706C65732056696E2F20566F757420B8
:10DDE00028636F756E745B6D565D293A0000000004
:10DDF0000D0000000000000080B50DA048F2A062F8
:10DE0000C0F20102642140F2DC5301F0C1F818A015
:10DE100002F060FD41F6D060C0F6010002F05AFD4C
:10DE200041F67050C0F60100BDE8804002F052BDDE
:10DE30005B5461736B20355D20556E6B6E6F776E32
:10DE40002D6D6F64656C2073776565703D256C750D
:10DE50007E256C7520487A2C2050413520696E70E3
:10DE600075743D2575206D5670700D0A0000000018
:10DE70005B5461736B20355D2046726F6E742D6547
:10DE80006E643A204F504133343020756E69747996
:10DE900020666F6C6C6F7765722C206761696E3DD0
:10DEA000312E3030300D00002DE9F04F81B02DEDD6
:10DEB000048B82B0411E4E2901D90020E6E00322E6
:10DEC000009240F67832C0F6010252F8215002EB7F
:10DED0008000446841F28D30C0F601002946224698
:10DEE000512301F055F8BFEE008AA4EB0509002488
:10DEF0004FF001084FF0FF3A4FF0000BA4FB09016F
:10DF000050220023F2F723FB2F18574531D04CF64F
:10DF1000CD40CCF6CC40A8FB0006384601A9FFF75F
:10DF2000BFFD002800F0AB809DED010A80FE089A3D
:10DF3000B4EEC80AF1EE10FAC8BFBB4641F67F0046
:10DF4000C2F20040007888B9502C08D0300900EBAC
:10DF500080004FF0FF3101EB8000A04206D1611C30
:10DF60004DA051223B4601F013F800BFBA46B0EE77
:10DF7000498A08F101080134512CBFD30020BBF1BC
:10DF8000000F00F08380B5EEC08AF1EE10FA7DDD5F
:10DF90009FED4C0AB6EE001A08EE001A40F6D07853
:10DFA000C2F20048BCEEC10AC8F804B010EE100A74
:10DFB000A8F8100044F6D351C1F26201A0FB01128F
:10DFC00092094FF47A7102FB11033FA0594600F009
:10DFD000DFFF9FED4A0AD8F8047007F1640028EECD
:10DFE000008A4408002664250DF1040920464946AC
:10DFF000FFF756FD002844D09DED010AB4EEC80A93
:10E00000F1EE10FAACBF27462546E8194408013660
:10E010000C2EEBD3C8F80840D8F8047048F2A0667C
:10E02000C0F20106B819440800250DF1040900BF2B
:10E0300020464946FFF734FD28B39DED010AB4EEB2
:10E04000C80AF1EE10FAD4BF26462746B81944088C
:10E0500001350C2DECD3C8F80C40D8F808008442E8
:10E0600013D9201AD8F804104FF47A72514301EBF7
:10E070005001B1FBF0F0A8F81200012006E00020EA
:10E0800004E0002002E0002000E0012002B0BDEC2E
:10E09000048B01B0BDE8F08F5B4C4541524E5D20D2
:10E0A00066696E65207065616B20737765657020A9
:10E0B00025752F25752C20663D256C7520487A0D19
:10E0C0000A00000000007A445B4C4541524E5D203E
:10E0D00066696E65207065616B206D6178696D752C
:10E0E0006D3A20663D256C7520487A2C2067616961
:10E0F0006E3D25752E253033750D0A00F304353F2E
:10E100002DE9F04F81B02DED088B86B0431E00261F
:10E110004E2B03D8002918BF002A06D1304606B07E
:10E12000BDEC088B01B0BDE8F08FCDE9012140F6D0
:10E130007832C0F6010252F8237002EB8000466884
:10E140004FF000084AF6AB29CAF6AA290DF1140BC4
:10E150000DF1100AF01B0A2823D3A0FB090407EBDA
:10E16000540528465946FFF79BFC002800F0D28052
:10E17000A6EB540420465146FFF792FC002800F01D
:10E18000CB809DED040A9DED051AB4EEC01AF1EEA8
:10E1900010FAACBF2F46264608F10108B8F1080F67
:10E1A000D8D3B819400840F6D07AC2F2004ACAF86B
:10E1B000040003A9FFF774FC002800F0AF809FED76
:10E1C0005D8A9DED031AB6EE000AB0EE402A01EE1C
:10E1D000082ABCEEC21A11EE100A019908800298B2
:10E1E00090ED4E1A90ED4F2A90ED503A33EE022A00
:10E1F000B0EE083A32EE011A9FED4F2A81EE039AF3
:10E20000B4EEC29AF1EE10FA40F38A8009EE080AE1
:10E21000BCEEC00A10EE100AAAF81000DAF804707A
:10E2200048F2A065C0F2010505A92846FFF738FCB1
:10E23000002877D09FED410A29EE009A9DED050A4E
:10E24000B4EEC90AF1EE10FA6CDB78194408002626
:10E250000DF1140820464146FFF722FC002866D045
:10E260009DED050AB4EEC90AF1EE10FAACBF2546E1
:10E2700027467819440801360C2EEBD3CAF80C4017
:10E28000DAF804500026AC427FF648AF800800213F
:10E29000E5FB050122460023F2F759F9CAF8080008
:10E2A00085427FF63BAF221A3FF438AFBAF8100030
:10E2B0009FED230A01EE105A02EE100AB8EE411A41
:10E2C000B8EE422A03EE102A21EE001A82EE088AE6
:10E2D000B8EE432A21EE083A002022EE009A21EE01
:10E2E00001AA21EE03BACAF8180050084FF47A7355
:10E2F0000021E5FB03010023F2F729F9AAF8120037
:10E300008AED058A8AED07BA8AED089A8AED09AA8C
:10E31000012603E7002601E70026FFE60026FDE6CA
:10E320000026FBE607A002F0D5FA0026F6E6002656
:10E33000F4E600BF00007A446F12833AF304353FDD
:10E34000DB0FC9405B5461736B20355D2042616E09
:10E35000642D73746F7020686967682070617373CF
:10E3600062616E64206973206E6F742072656163F0
:10E370006865642E0D00000041F287310144B1FB55
:10E38000F0F003283CBF032070473C2828BF3C2006
:10E390007047000000000000416E19B380B50168AD
:10E3A0008A688968490F40F6703CC0F6010C1CF879
:10E3B000013040F6683EC0F6010E1EF8011009015A
:10E3C000B1FBF3F1A0F86A10C2F342611CF801201E
:10E3D0001EF801100901B1FBF2F1BDE88040A0F880
:10E3E000681070470121A0F86A10A0F86810704703
:10E3F000816A11F0080F37D1CA0740D18A0749D482
:10E400004A0752D4CA065BD48A0608D502689368C4
:10E41000D0F840C023F4005343EA0C03936080B566
:10E420004A0614D5D0F800E0DEF804C0436C2CF4A2
:10E4300080121A43CEF80420B3F5801F07D1DEF80E
:10E440000420836C22F4C0021A43CEF8042009068B
:10E45000BDE8804058BF704701684A68C06C22F42C
:10E46000002210434860704702685368D0F838C0F3
:10E4700023F4004343EA0C035360CA07BED002688A
:10E480005368D0F82CC023F4003343EA0C035360E4
:10E490008A07B5D502685368D0F830C023F48033BA
:10E4A00043EA0C0353604A07ACD502685368D0F8BE
:10E4B00034C023F4802343EA0C035360CA06A3D577
:10E4C00002689368D0F83CC023F4805343EA0C03FD
:10E4D00093608A069AD4A2E7B0B582B004460020C1
:10E4E000C4F89000F9F7A8FF05462068006810F00E
:10E4F000080F1AD06FF07E40009020464FF40011B4
:10E5000000222B4600F044FB78B100BF206850E8A1
:10E51000000F216820F0800041E80002002AF5D1B8
:10E520002020C4F88800032031E02068006810F043
:10E53000040F24D06FF07E40009020464FF48001FD
:10E5400000222B4600F024FBC8B100BF206850E831
:10E55000000F216820F4907041E80002002AF5D1F4
:10E56000206850E8020F216820F0010041E8020213
:10E57000002AF5D12020C4F88C00032007E02020D9
:10E58000C4F88800C4F88C000020E06620670021F1
:10E5900084F88410C0B202B0B0BD000000000000DA
:10E5A000016851E8001F026821F4907142E80013ED
:10E5B000002BF5D14FF6FE7CCEF6FF7C026852E8C8
:10E5C000022F02EA0C02036843E802210029F5D178
:10E5D000C16E01290AD100BF016851E8001F02681D
:10E5E00021F0100142E80013002BF5D12021C0F8E2
:10E5F0008C1000214167C1667047000000000000D8
:10E6000070B584B0044601688068D4E904231043DF
:10E610001843D4F81CE040EA0E000A6846F6F315E9
:10E62000CCF6FF752A40104308604868E26820F481
:10E6300040501043486044F2004CC5F6020CACF563
:10E640000E35A069A9421CBF226A10438A684FF2A6
:10E65000FF43C1F2FF131A4010438860C86A626A20
:10E6600020F00F001043C862802247F2FF70C4F20E
:10E67000000081422DDD40F6FF70C4F201008142AE
:10E680004BDD40F60040C5F60000814200F081807D
:10E6900041F20040C4F20100814200F08A8041F260
:10E6A0000000C4F20100814240F0CA8044F25440AC
:10E6B000C5F602000068C0F3C200052800F2B7806A
:10E6C0000122DFE810F0BD00B200B600B800BA00C9
:10E6D000BC0044F6FF30C4F2000081423BDC44F24F
:10E6E0000040C4F20000814200F0728044F6000055
:10E6F000C4F20000814240F0A38044F25440C5F6C9
:10E700000200006800F00700052800F29080002257
:10E71000DFE800F0968B8F91939547F60000C4F2E6
:10E720000000814200F0638047F60040C4F2000020
:10E73000814240F0858044F25440C5F602000068F2
:10E7400000F00700052800F272800022DFE800F0E8
:10E75000786D7173757744F60040C4F20000814211
:10E7600000F0548045F20000C4F20000814240F005
:10E77000678044F25440C5F60200006800F00700CC
:10E78000052800F254800022DFE800F05A4F53556C
:10E79000575944F25440C5F60200406800F00700A3
:10E7A000052800F244800222DFE800F04A3F43459A
:10E7B000474944F25440C5F602000068C0F3C20065
:10E7C000052834D80122DFE800F03B303436383AEF
:10E7D00044F25440C5F60200006800F00700052826
:10E7E00025D80022DFE800F02C212527292B44F230
:10E7F0005440C5F60200006800F00700052816D84E
:10E800000022DFE800F01D1216181A1C44F25440D2
:10E81000C5F60200006800F00700052807D80022AE
:10E82000DFE800F00E0307090B0D042208E0802248
:10E8300006E0082204E0102202E0202200E040224C
:10E8400040F60010C0F23D00A94200F051800121C5
:10E85000BEF5004F40F07880402A00F28D81DFE85D
:10E8600012F0410010018B018B0114018B018B010F
:10E870008B0118018B018B018B018B018B018B01AB
:10E880008B011F018B018B018B018B018B018B0194
:10E890008B018B018B018B018B018B018B018B0118
:10E8A0008B0130018B018B018B018B018B018B0163
:10E8B0008B018B018B018B018B018B018B018B01F8
:10E8C0008B018B018B018B018B018B018B018B01E8
:10E8D0008B018B018B018B018B018B018B018B01D8
:10E8E0008B012E01FBF778F9002840F0EA80D5E093
:10E8F000931E01211E2B00F27380DFE813F01F002E
:10E900003D0177003D013D013D017B003D013D01A1
:10E910003D013D013D013D013D0182003D013D01C3
:10E920003D013D013D013D013D013D013D013D01F7
:10E930003D013D013D013D013D019000F9F7A8FE7B
:10E94000002840F06C805AE0402A00F21581DFE890
:10E9500012F04100D90013011301DD00130113016E
:10E960001301E1001301130113011301130113013A
:10E970001301E80013011301130113011301130123
:10E9800013011301130113011301130113011301E7
:10E990001301F900130113011301130113011301F2
:10E9A00013011301130113011301130113011301C7
:10E9B00013011301130113011301130113011301B7
:10E9C00013011301130113011301130113011301A7
:10E9D0001301F700FBF700F9002840F0B3809EE038
:10E9E000402A40F0C9804FF4004018E001A8F9F730
:10E9F000FBFE02E001A8F9F78BFF029878B900212D
:10EA0000BAE0DCF8001049F20000C0F2D03011F09A
:10EA1000200F1EBFDCF80010C1F3C101C8406668BA
:10EA2000616A40F65032C0F6010232F81120B0FBA4
:10EA3000F2F306EB46050121AB42C0F09D803503A1
:10EA4000AB4200F2998000210023F1F780FD09021A
:10EA500041EA1061000210EB560041F1000132461C
:10EA60000023F1F774FDA0F540714FF6FF42C0F2AC
:10EA70000F02914203D82168C86000217CE0012187
:10EA80007AE0FBF7BDF8E0B908E001A8F9F7ACFEC1
:10EA900002E001A8F9F73CFF029890B900216BE071
:10EAA000DCF8001049F20000C0F2D03011F0200F65
:10EAB0001EBFDCF80010C1F3C101C84001E04FF4F3
:10EAC00000406168626A40F65033C0F6010333F8D3
:10EAD0001220B0FBF2F04A0802EB4000B0FBF1F06C
:10EAE000A0F110014FF6EF72914209D84FF6F07184
:10EAF0000140C0F3420008432168C86000213BE0A8
:10EB0000012139E0FBF77CF8E0B908E001A8F9F74A
:10EB10006BFE02E001A8F9F7FBFE029890B9002114
:10EB20002AE0DCF8001049F20000C0F2D03011F009
:10EB3000200F1EBFDCF80010C1F3C101C84001E086
:10EB40004FF400406168626A40F65033C0F601033A
:10EB500033F81220B0FBF2F000EB5100B0FBF1F003
:10EB6000A0F110014FF6EF72914204D8216880B2F3
:10EB7000C860002100E0012100204FF00112A266D0
:10EB8000C4E91D00084604B070BD0000000000008C
:10EB90002DE9F04381B0984616460F4604460068BA
:10EBA000C0690840401AB0FA80F04009904237D15D
:10EBB000DDF8209009F1010595B1F9F73DFC03213D
:10EBC000B9F1000F2FD0A0EB080048452BD82068E2
:10EBD000016811F0040F03D0402F18BF802F09D116
:10EBE0002068C0693840C01BB0FA80F04009B042CC
:10EBF000E2D017E0C16911F0080F18D1C16911F412
:10EC0000006FEDD04FF4006101622046FFF7C8FCB1
:10EC1000002084F884002020C4F89000032102E042
:10EC2000002100E00021C8B201B0BDE8F083082552
:10EC300005622046FFF7B4FC002084F88400C4F885
:10EC400090500121EFE7000040F2B040C2F20040D6
:10EC5000006840F2AC41C2F20041096808447047C4
:10EC6000EFF31080EFF3108172B640F2A422C2F2EB
:10EC700000421168CB6913F0200F08D0126800BF62
:10EC8000496AD16911F0200F1146F9D1114640F2BD
:10EC9000B442C2F20042128840F2B643C2F20043CC
:10ECA0001A800F220A62002818BF704762B67047A8
:10ECB00058B140F2B641C2F200410A8840F2B44372
:10ECC000C2F200431B889A4201D1002070470A8893
:10ECD00040F22943C2F200439A5C02700888013076
:10ECE00000F07F0008800120704700000000000055
:10ECF00040F2B440C2F200400021018040F2B64030
:10ED0000C2F20040018040F2B040C2F20040016017
:10ED100040F2AC40C2F20040016040F2A420C2F2D6
:10ED2000004000680F210162016841F0200101608C
:10ED3000816841F00101816070470000000000001F
:10ED400010B540F2A420C2F200400068C16911F081
:10ED5000200F23D0D0F824C040F2B44EC2F2004EAF
:10ED6000BEF8002040F2B643C2F200431B880132D5
:10ED700002F07F029A4207D140F2AC42C2F2004256
:10ED800013680133136009E0BEF8003040F22944F3
:10ED9000C2F2004404F803C0AEF80020090708BF1F
:10EDA00010BD0F21016240F2B040C2F20040016884
:10EDB0000131016010BD0000FFF7C2BF000000007C
:10EDC000F6F7BABA00000000FEE7000000000000FD
:10EDD0000020C7F6F0708843002818BF0120704754
:10EDE00000F0FF40B0F1FF4018BF01207047000065
:10EDF00000F0FF40B0F1FF4018BF01207047000055
:10EE00000028B8BF704700F01F01012202FA01F18B
:10EE100040094EF20012CEF2000242F82010704774
:10EE20004EF60C50CEF200000068C0F3022070478E
:10EE300000F1604C00F00F034EF61452CEF20002C7
:10EE40001A44B0F1FF3FC8BF0CF5644208011070CE
:10EE500070470000000000004EF60C51CEF2000199
:10EE60000A684FF6FF031A4060F30A2242F08060FE
:10EE700040F0FD7008607047C0EB00110022B2EB5B
:10EE8000411F08BF7047A0EB0010400100BF0130D8
:10EE9000FCD170470000000040F2A421C2F2004102
:10EEA000096800BFCA6912F0800FFBD0C2B28A6243
:10EEB000704700000000000070B5FCF711FAF9F788
:10EEC000D3FAFDF799FAFCF71BFBFCF719FCFCF7EA
:10EED000FBFAFCF71DFAFCF787FCFCF7C9FCFCF712
:10EEE00043FCFCF791FA4EF61450CEF20000016894
:10EEF00011F4003F12D1BFF34F8FBFF36F8F00218A
:10EF0000C0F83C12BFF34F8FBFF36F8F016841F41D
:10EF100000310160BFF34F8FBFF36F8F016811F4B1
:10EF2000803F2BD100210167BFF34F8FC16E4FF699
:10EF30000042CFF6FF7262EAD10EC1F34E32C90829
:10EF40008B0743F6E07C00BF0CEA42111C46754675
:10EF500044EA0106C0F84C6204F140440135F7D19F
:10EF6000511E002A0A46EFD1BFF34F8F016841F4CA
:10EF700080310160BFF34F8FBFF36F8FF3F7F0FF66
:10EF8000F6F73AF9F6F778F9F4F7CAF9FAE7000074
:10EF90000FB4054B10B503A9044A029801F0E6F836
:10EFA00010BC5DF814FB000099EE0008200000245E
:10EFB0000FB41CB50246002007AC00290BD0491E37
:10EFC000CDE90021054B6A462146069801F0CEF8AE
:10EFD000009A002111701CBC5DF814FB9B0801080D
:10EFE00003B401984100009850EAC12018BF0420E2
:10EFF0004A0D18BF40F0010040F2FF72B2EB515FC2
:10F0000008BF40F00200012808BF052002B0704789
:10F010004100080218BF04200A0E18BF40F001008A
:10F020004FF07F4232EA010108BF40F002000128A0
:10F0300008BF05207047000070B54FF068422DED05
:10F04000048BF0EE408A18EE900AB0EE608A18EE5B
:10F05000101A02EB4003B3F1654F3CBF02EB4102D3
:10F06000B2F1654F7DD200BFC0F3C753C1F3C752A1
:10F070009A1A1B2A09DD10F0004F14BF9FED7D0A7C
:10F080009FED7D0ABDEC048B70BD12F11A0F36DACC
:10F0900011F0004F09D010F0004F0CBF9FED770A20
:10F0A0009FED770ABDEC048B70BD88EE889A19EE4F
:10F0B000100AFFF7ADFF042808BF00F0CDFE18EEE0
:10F0C000900AFFF7A5FF054618EE100AFFF7A0FF0C
:10F0D000044619EE100AFFF79BFF042D18BF052DFB
:10F0E00008D1042C18BF052C04D1002804BF02202D
:10F0F00000F074FFB0EE490ABDEC048B70BD420015
:10F10000B2EB410F3AD910F0004F19BFDFED5D0AA5
:10F110009FED5D0ADFED5D0A9FED5D0AB0EE481AD6
:10F120000A46B1EE688A80F00041F0EE418A10464E
:10F130000A1A5200B2F1807F34D2484010F0004FDA
:10F14000DFED541A9FED542A1DBFBEEE001A70EE7B
:10F15000E10A30EE420AB6EE001A08BF70EEA10ACC
:10F1600000E040E008BF30EE020AB0EE682A01EE8F
:10F17000482A08EE818AC2EE081A15E011F0004F05
:10F1800004BF9FED460AF0EE400AD1D010F0004FC8
:10F1900019BFDFED430A9FED430ADFED430A9FED00
:10F1A000430AC5E7C8EE881A21EEA11A9FED402A4E
:10F1B000DFED402ABDEC048B41EE022A9FED3E2A92
:10F1C00001EE222ADFED3D2A41EE022A9FED3C2A84
:10F1D00001EE222A21EE811A01EE020A30EE210A06
:10F1E00030EE200A70BD4FF07F42B2EB400F28BFD7
:10F1F000B2EB410F09D2F0EE480AB0EE680ABDEC5E
:10F20000048BBDE8704000F014BE40EA01035B00CF
:10F2100008BF41F0FF410BD0B2EB400F08BFB2EB8B
:10F22000410F08D120F0804008EE900A21F0804183
:10F2300008EE101A18E7B2EB400F12BF5FEA410266
:10F2400040F0FF4001F000413FF40EAF4A0092EA67
:10F2500040033FF509AF002AACBF9FED1A0A9FEDAE
:10F260001A0A68EE808A28EE008A18EE900A18EED4
:10F27000101AF9E6DB0FC9BFDB0FC93FDB0F4940AE
:10F28000DB0F49C00000C9BF22AAFDB90000C93F79
:10F2900022AAFD390060ED3EC30ACE37000000000F
:10F2A000000049C022AA7DBA0000494022AA7D3A46
:10F2B0002DAD65BD8FB8D53D0FB511BE61C84C3EB3
:10F2C000A8AAAABE0000804F0000802F10B510EE43
:10F2D000104A4FF019406949002200EB44002DED1F
:10F2E000028B884257D8DFED660A14F0004F60EEBB
:10F2F000200A14BFBEEE001AB6EE001A71EE200A04
:10F30000FDEEE00A10EE900A00EE900AF8EEE00A38
:10F310009FED5C1A00EEC10A9FED5B1A00EEC10A78
:10F32000DFED5A0A9FED5A1A00EE201ADFED590A56
:10F3300040EE010A9FED581A584B00F0030100EE11
:10F34000201A21EE000A7B4403EB8103D3ED000A6F
:10F35000534B7B4403EB810393ED001A514B41EE79
:10F36000000A7B4403EB8101801091ED000A70EEEE
:10F37000800AEABB00EE100AB8EEC01ADFED4A1AA6
:10F380009FED4A0ABDEC028B01EE210ABCEEC00AD9
:10F3900020EE200A10BD4FF0FF40A0431DD04FF0DB
:10F3A000CE40B0EB440F81BFF7EE000A30EE200AEA
:10F3B000BDEC028B10BD3E48B0EB440F28BF0122CC
:10F3C00091D2022000F00AFE14F0004F15D0BDECDF
:10F3D000028BBDE8104000F03FBD14F5000F02BFE6
:10F3E0009FED340ABDEC028B10BDBDEC028B00E03A
:10F3F00009E0BDE8104000F019BDBDEC028BBDE88E
:10F40000104000F021BD00EBD07359104FF07E5238
:10F4100002EBC15100EE101AA0EB630002EBC050EA
:10F4200060EE200A00EE100A20EE208A18EE100A84
:10F4300088B118EE100AB0F1FF4F15D018EE100A7F
:10F44000FFF7E6FD042808BF00F006FDB0EE480A0D
:10F45000BDEC028B10BD022000F0C0FDBDEC028BA4
:10F46000BDE8104000F0F8BC022000F0B7FDBDEC94
:10F47000028BBDE8104000F0E7BC00000000501E09
:10F480003BAAB8400070313EF4FD053712BB2A3D5F
:10F4900012BB2A3EFFFFFF3EFFFF7F3FBE1500006D
:10F4A000C2150000921500000000004B00007E4EC7
:10F4B0000000A085000000002DED020B019820F057
:10F4C000004001909DED000B02B0704710EE100A55
:10F4D00010B50023A0F50001B1F1FE4F67D200BFC7
:10F4E00000F500216FF07E0202EBE15CC1F30252F5
:10F4F0004FF07E5101EB025100EE901AA0EBCC5080
:10F5000003EB0C0100EE100A51EA020036D030EE97
:10F51000601A70EE200A9FED3D2A3E4881EE200AD7
:10F520009FED3B1A60EE000A00EE821A60EE201A90
:10F5300061EE810A784401EE101A00EB82009FED23
:10F54000362AB8EEC11AD0ED001A344841EE021A3C
:10F55000784401EE101A00EB8200B8EEC11A90ED6B
:10F56000002ADFED2F2A01EE222AB0EE001A72EEF9
:10F57000200A40EE010A31EEA00A10BDF7EE000AA3
:10F580009FED291A30EE600ADFED260A00EE201A00
:10F59000DFED260A60EE001A40EE010A9FED241A04
:10F5A00000EE201A61EE810A30EE200A10BD4FF005
:10F5B0007F41B1EB400F03D2BDE8104000F036BCF4
:10F5C000B0F1FF4F08BF10BDB5EEC00AF1EE10FA62
:10F5D00006D2012000F002FDBDE8104000F02CBC76
:10F5E000B5EEC00AF1EE10FA07D1022000F0F6FCE9
:10F5F00000F012FCB1EE400A10BDDFED0E0A6FF014
:10F60000160320EE200A10EE100A69E766F1CC3EE0
:10F61000AAAA2A3FF01300000070313FF413000043
:10F62000F4FD053821ED423E0A1180BEC1ABAA3E71
:10F63000FFFFFFBE0000004B00B510EE101A2DEDCD
:10F64000028B81B0524A6846B2EB410F2ED94FF07F
:10F65000E640B0EB410F94BF00204FF0FF30009028
:10F660000098B0EE408A00286ADB10F0010F4BD002
:10F6700068EE080A9FED471A9FED470A00EE810ADF
:10F680009FED461A10F0020F00EE801AB7EE000A46
:10F6900000EE810A02BF01B0BDEC028B00BD00BFCD
:10F6A00001B0B1EE400ABDEC028B00BD3C4B21F035
:10F6B0000042934241D911F0004FDFED3A0A20EEAB
:10F6C000201ADFED390A19BF31EE601A71EE200AF7
:10F6D00031EE201A71EE600ABDEEE01A11EE100A4A
:10F6E0009FED321A00F0030000EEC10A9FED301AC0
:10F6F000009000EEC10A9FED2F1A00EEC10A9FEDA7
:10F700002E1A00EEC10AABE728EE080A9FED2B1A6D
:10F71000DFED2B0A10F0020F40EE010A9FED291ACF
:10F7200000EE201A61EE000AB0EE480A08EE200A48
:10F73000B6D101B0BDEC028B00BD00F095FB8FE7A8
:10F7400018EE100A4000B0F17F4F0DD218EE100AEB
:10F75000FFF75EFC042808BF00F07EFBB0EE480A0D
:10F7600001B0BDEC028B00BD09D1012000F036FCD8
:10F7700001B0BDEC028B5DF804EB00F05DBB01B0A5
:10F78000B0EE480ABDEC028B5DF804EB00F04EBB16
:10F79000B61F927EB93AB2BACA9F2A3DDDFFFFBEBC
:10F7A000490E494683F9223F0000004B0000C93F43
:10F7B00000A0FD390020A2331A61342C336D4CB9FE
:10F7C000DA82083CA0AA2ABE10B52DED028BB1EE5C
:10F7D000C08A18EE100A20F00040C0F1FF40C00FB0
:10F7E0000AD010EE100A20F00040C0F1FF40C00F18
:10F7F00004BF012000F0F2FBB0EE480ABDEC028B22
:10F8000010BD00000000000010B51D499FED1A1B3F
:10F810002DED020B84B0059820F000408842DCBF3B
:10F8200001209DED040B21DD1649884209D1049881
:10F8300040B94FF0010000F0D1FB00F0D5FA06B05E
:10F8400010BD05DB9DED040B30EE000B06B010BDC6
:10F8500068469DED040B00F017F800F0010001214F
:10F86000A1EB40009DED021B9DED000B00F0C8F9DF
:10F8700006B010BD00000000000000000000000005
:10F88000FB21E93F0000F07F2DE9F14F04462DED0B
:10F89000020B2DED048B94B09FED9D0B80ED020BC0
:10F8A000199E9D4826F0004585420ADC9DED180B07
:10F8B000002084ED000B14B0BDEC048B03B0BDE858
:10F8C000F08F96489FED969B9FED978BA84225DD84
:10F8D00097489FED991B9FED9A2B9DED180B002EDD
:10F8E0000DDD30EE490B854212BF30EE480B30EE95
:10F8F000410B30EE420B84ED000B0120DBE730EED4
:10F90000090B854212BF30EE080B30EE010B30EED2
:10F91000020B84ED000B4FF0FF30CCE78A48A84281
:10F9200053DB9DED180B51EC100B00F0C1FF41ECC7
:10F93000100BB0EE401B9FED862BB6EE000B01EED8
:10F94000020BFDEEC00B10EE903A00EE903AB8EECE
:10F95000E02BB0EE410B02EE490B22EE081BDFF864
:10F96000F8C1290D0120FC4430EE411B84ED001B41
:10F9700003281DD011EE902A00EB4015113DC2F373
:10F980000A528A1A954213DAB0EE403B0CEB001291
:10F9900092ED000B20EE021B33EE410B33EE403BA9
:10F9A00033EE411B92ED023B12EE031B401CDBE7E2
:10F9B000002EA8BF1846BFF67EAF94ED000BB1EE47
:10F9C000400B84ED000B584275E7C6F3130040F47A
:10F9D000801EC6F30A50A0F2F530471100F01F0553
:10F9E000C5F12000DDF860B0139000200890099068
:10F9F00005200DF1080C5949002D07EB0002794450
:10FA000008BF51F8221009D051F8223001EB8201D1
:10FA1000AB404A68139922FA01F11943A1FB0E2663
:10FA2000A1FB0B131A449A4234BF0123002303EBBA
:10FA300006080CEB8003D3E901A60E448E4234BFC6
:10FA40000121002192448A4411B1924502D903E078
:10FA5000924501D2012100E00021C3E901A6414401
:10FA60004CF82010011EA0F10100C4DC04989DEDAB
:10FA7000050A00F10050810F0498DDED060A8000B0
:10FA80009DED072A01EE100AB8EEC13BB8EE401B0F
:10FA90009FED334B21EE041BB8EE600B9FED324B14
:10FAA00020EE040BB8EE422B9FED314B22EE042BDF
:10FAB00030EE024B34EE014B34EE034B8DED004B38
:10FAC000002000909DED004B34EE433B33EE411B94
:10FAD00031EE400B32EE401B9DED000B9FED262BCF
:10FAE00020EE020B9FED262B01EE020B9DED001B7D
:10FAF0009FED252B01EE020B199810F0004F1CBF53
:10FB00004942B1EE400B84ED000B0846D3E60000FD
:10FB10000000000000000000FB21E93F7CD902400A
:10FB200000004054FB21F93F3163621A61B4D03DBB
:10FB3000FB21F93F000000000000601A61B4D03DD5
:10FB40007370032E8A19A33BFB213941000000008A
:10FB500083C8C96D305FE43FFE0F0000960F0000C0
:10FB6000000000000000103E000000000000103CFB
:10FB7000000000000000103A3326A611460B113C8D
:10FB8000182D4454FB21F93D00000054FB21F93DA0
:10FB9000B0EE401B491E00EBC10292ED000B31F0AC
:10FBA00006020DD0491E00EBC10292ED002BB0EE13
:10FBB000403BB0EE420B03EE010B31F00602F1D1F7
:10FBC000022914D004290AD0062918BF704790EDE5
:10FBD0000A2B00EE012B90ED080B02EE010B90EDCD
:10FBE000062B00EE012B90ED040B02EE010B90EDC5
:10FBF000022B00EE012B90ED000B02EE010B704783
:10FC0000F1B505462DED040B2DED0A8B84B0B0EE59
:10FC1000418B0F9E684826F00044B7EE009BBFEE74
:10FC200000AB844207DA9DED0E0BBDEEC00B10EE6B
:10FC3000100A00287BD0614FA7421DDC002E07DA96
:10FC40009DED0E0BB1EE400B8DED0E0BB1EE488B22
:10FC50009DED0E0B9FED5A1B31EE400B8DED000B11
:10FC60009FED590B30EE480B9DED001B31EE000B64
:10FC70008DED0E0B9FED568B9DED0E0B20EE000BC8
:10FC80008DED000B20EE00CBB0EE4C0B5248062160
:10FC90007844FFF77DFFB0EE40BBB0EE4C0B4F4811
:10FCA00006217844FFF774FF9DED001B20EE012B29
:10FCB0009DED000B9DED0E1B20EE011B3BEE022B7C
:10FCC000B0EE480B01EE020B9DED002B02EE008B17
:10FCD0009FED430B01EE008B9DED0E0B30EE080BFC
:10FCE000A74248DC01EE105AB8EEC11B20EE002BF3
:10FCF00030EE013B82EE030B30EE480B9DED0E2BF8
:10FD000032EE400BB0EE002B00EE421B022000EA68
:10FD1000A670C0F1010000EE100AB8EEC00B21EE93
:10FD2000000B04B0BDEC0A8B05B0F0BDFFE7691C09
:10FD30000E982143084306D0012D0FD09DED0E1BD8
:10FD40008AEE010BEDE79DED0E0B51EC100B00F070
:10FD5000AFFD41EC110B89EE010BE2E79DED0E0BBF
:10FD600051EC100BFFF73CF9042808BF00F048F8ED
:10FD70009DED0E0BD5E7012DD3D08DED000B0020AE
:10FD800000909DED001B9DED0E2B31EE421B38EED9
:10FD9000411B8AEE002B8DED022B02909DED020B94
:10FDA0009DED003B00EE039B00EE019B02EE090B74
:10FDB000B7E70000000000000000303E2894E53F57
:10FDC000182D4454FB21E93F075C143326A6813CDF
:10FDD0000000000000000000BC0D0000DA0D000073
:10FDE000635555555555D53F9FED031B81EE010BCE
:10FDF000704700000000000000000000000000004C
:10FE00009FED030B20EE000B704700000000000088
:10FE10000000000000000010DFED030AB7EE001A3A
:10FE200081EE200A704700000000000030EE000A5A
:10FE3000704730EE200A7047DFED020A80EEA00A1C
:10FE400070470000000000009FED020A20EE000A4B
:10FE500070470000000000709FED020A20EE000ACB
:10FE600070470000000000102DE9F0014FF07F42C4
:10FE7000B2EB410F9FBF4FF0FF310160BDE8F001D1
:10FE800070474FF0004242EA0123C1F3C752783A6B
:10FE9000551112F01F0C434CCCF120067C44C1F3E9
:10FEA000C752A2F178024FEA621204EB820254F8C0
:10FEB000254008BFD2E9015612D0556804FA0CF467
:10FEC00025FA06F73C43976805FA0CF527FA06F879
:10FED000D26807FA0CFCF24045EA08054CEA020633
:10FEE000A4FB034CA5FB0352A6FB03631D449D42E8
:10FEF00034BF012600261319334416B1934202D9A8
:10FF000003E0934201D2012200E00022624402F1A8
:10FF1000200C9206DC0C42EA443200EE102A5B030D
:10FF2000DFED210AF8EEC01A00EE103A4FEA9C1CF1
:10FF300011F0004FB8EE400AC0F800C020EE201AC1
:10FF400000EE105ADFED190AB8EE400A20EE200A42
:10FF500071EE810A70EE800A10EE902A02F50062BE
:10FF60006FF30B0200EE902A70EEE11A31EEC11A27
:10FF7000DFED101A30EE411A9FED0D0A20EE800AD7
:10FF800001EE210A9FED0C1A00EE810A04BFBDE8C4
:10FF9000F0017047CCF180510160BDE8F001B1EE95
:10FFA000400A7047900B0000000000360000802CD3
:10FFB00022AAFD29DB0FC92F0000C92F02E008C8C3
:10FFC000121F08C1002AFAD170477047002001E0D3
:10FFD00001C1121F002AFBD17047000001490860CF
:10FFE00070470000000000242DE9FF5F82B000216F
:10FFF000DDE90430020DDDF840B0034318D044F6CB
:020000040801F1
:100000001050A2F2FF3242431514119801281FD05C
:10001000A5EB0B00401C5FEA000A4FF000064E4FB4
:10002000DFF83891B046504615D5CAF1000413E008
:10003000119801244AA3012801D16FEA0B0102980B
:10004000119AC0E90031C0E9024206B0BDE8F09F54
:10005000CBF10000DFE704460021404A491842EB9B
:100060000450CDE9001012E0E00707D032463B46CD
:1000700040464946F0F7D3FC8046894632463B4627
:1000800010461946F0F7CBFC06460F466410002CCC
:10009000EAD1DDE90401DDE90023BAF1000F06DA57
:1000A000F0F7BDFC42464B46F0F7B9FC05E0F0F72F
:1000B00028FD42464B46F0F724FD04460E4600223A
:1000C000284BF0F7A5FD03D84FF0FF30014607E0BD
:1000D0000022254B20463146F0F7FAFBF0F780FD71
:1000E000102409E0002C0ADB0A220023F0F72FFA83
:1000F000039B30321A55641E50EA0102F2D1641C8F
:10010000039AC4F111031444119A012A03D0012265
:1001100008430DD10AE0084304D000204FF0110B32
:10012000119072E7A3EB0B056D1E0DE05B4504DD3E
:100130004FF0000205F1010504E003DA4FF0000280
:10014000A5F10105002AECD002981199C0E902310D
:10015000C0E9004579E70000000014400000F03FCE
:10016000300000000000F0430000E03F2DE9FF4FA9
:1001700095B09B468946064600250FE2252877D193
:1001800000242746F84A0121059400E0044316F8AC
:10019000013F203B01FA03F01042F7D130782A28C2
:1001A00011D06FF02F033078A0F13002092A16D851
:1001B000059A44F0020402EB820203EB420210446F
:1001C000761C0590EFE759F8042B0592002A03DA14
:1001D000504244F40054059044F00204761C3078F8
:1001E0002E2816D116F8010F44F004042A280DD049
:1001F0006FF02F023078A0F13003092B09D807EBFC
:10020000870302EB4303C718761CF3E759F8047B16
:10021000761C30786C280FD006DC4C2817D0682864
:100220000DD06A2814D104E0742810D07A280FD198
:100230000DE044F400140AE044F4801401E044F4B6
:1002400040147278824202D104F58014761C761C28
:10025000307866280BD013DC582877D009DC0028CA
:1002600075D04528F6D04628F4D047281AD19DE10C
:1002700018E0632835D0642879D0652812D195E13B
:10028000702873D008DC6728F1D069286FD06E28F9
:100290000DD06F2806D1B5E073282CD0752875D005
:1002A000782874D05A46179990476D1C75E1C4F3AD
:1002B0000250022809D003280DD0D9F800100428D4
:1002C0000DD00D6009F1040967E1D9F80010EA17B3
:1002D000C1E90052F6E7D9F800100D80F2E70D7081
:1002E000F0E719F8041B8DF8001000208DF80100CC
:1002F000EA46012003E059F804AB4FF0FF306107F4
:100300004FF0000102D40DE008F101018846B94226
:100310000FDA8045F8DB1AF808100029F4D108E05C
:1003200008F1010188468142FADB1AF80810002919
:10033000F6D105985B46A0EB080721463846179A88
:1003400000F094FA284400EB080507E04DE029E1AD
:100350000DE01AF8010B5A4617999047B8F10108B9
:10036000F7D25B4621463846179A13E142E00A224B
:100370000092C4F302524FF0000A022A08D059F842
:1003800004CB032A4FEAEC710AD00DE029E02AE001
:1003900009F1070121F00702F2E802C1914609E0E4
:1003A0000FFA8CFC4FEAEC71042A03D14FFA8CFC53
:1003B0004FEAEC71002907DA0A460021DCF1000C53
:1003C00061EB02012D2202E0220504D52B228DF8DB
:1003D0000420012203E0E20701D02022F7E7904643
:1003E00059E00A2102E010220DE010214FF0000A2E
:1003F00000910BE010224FF0000A44F0040408279B
:10040000009203E008224FF0000A0092C4F3025267
:10041000022A05D059F804CB0021032A08D009E0AC
:1004200009F1070121F00702F2E802C1914605E057
:100430001FFA8CFC042A01D10CF0FF0C4FF00008CD
:10044000220728D5702806D0009B83F0100353EABA
:100450000A0305D00EE040228DF80420012208E0B6
:100460005CEA010206D030228DF804208DF80500E8
:1004700002229046009B83F0080353EA0A030AD144
:100480005CEA010201D1620705D530228DF8042013
:100490004FF001087F1E582804D034A003900EA806
:1004A00002900DE036A0F9E753466046009AF0F757
:1004B0004EF884460398825C0298401E02900270B7
:1004C0005CEA0100F0D1029806A9081A00F1200A9E
:1004D000600702D524F4803400E00127574502DD8F
:1004E000A7EB0A0000E0002000EB0A01009005984D
:1004F0004144401A0590E00306D45B462146179A12
:10050000059800F0B3F90544002706E001A85A4613
:10051000C05D179990476D1C7F1C4745F6DBE003D3
:100520000CD55B462146179A059800F09FF90544C3
:1005300004E030205A46179990476D1C0099481ED8
:1005400000900029F5DC08E0029802995A460078EC
:10055000491C0291179990476D1CBAF10001AAF14C
:10056000010AF1DC65E10000092801003031323375
:1005700034353637383961626364656600000000DF
:1005800030313233343536373839414243444546C9
:100590000000000000F058F90544761C307800286F
:1005A0007FF4ECAD19B02846BDE8F08F620700D4A7
:1005B000062709F1070222F0070CFCE80223E146B6
:1005C00003F000485FEA080C02D00FF2702C0DE037
:1005D0005FEA045C02D50FF2682C07E05FEAC47C96
:1005E00002D00FF2602C01E0AFF2700C4FF0FF3838
:1005F00023F00043CDF850C065280CD006DC452818
:1006000009D046281DD047283DD13DE0662818D0A6
:1006100067287ED138E00021112F01DB112000E096
:10062000781CCDE9000106A90EA8FFF7DDFCDDE985
:100630000F010E9A03910021009207F1010A049123
:100640004DE04FF000400097CDE9011006A90EA83B
:10065000FFF7CAFCDDE90F0203920E9B11990022FD
:10066000DDF80CA00093049211B9791C00EB010A8B
:10067000B7EB0A0004D4C0F1FF3007F1010A04907F
:10068000AAEB0700019044E0012F00DA01270021C6
:10069000112F01DD112000E03846CDE9000106A947
:1006A0000EA8FFF7A1FCDDE90F010E9A03910021CE
:1006B00004910092BA4621070CD40399514500DAFF
:1006C0008A46BAF1010F05DD009AAAF10101515CD9
:1006D000302908D0B84202DA10F1040F06DA0121FD
:1006E000CDE9011015E0AAF10101E9E7002805DCD8
:1006F000049901440491AAEB000102E0411C514518
:1007000000DD8A460499401A401C01904FF00040D9
:100710000290200704D40198504501DBCDF80480F5
:1007200000208DF84F0002980DF14F07B0F1004FF7
:1007300025D02B200E9002984FF0020800280CDAEA
:10074000404202902D200E9007E00A210298F0F717
:1007500047F83031029007F8011DB8F10001A8F107
:100760000108F2DC02980028EFD1791E0E9808707B
:10077000307800F0200040F0450007F8020D12A884
:10078000C01B00F107081498007800B1012000EBAD
:100790000A01019801EBE07105984144401A401E9E
:1007A0000590E00306D45B462146179A059800F0B1
:1007B0005DF805441498007818B15A461799904787
:1007C0006D1CE00324D55B462146179A059800F07E
:1007D0004DF805441CE00498002807DBDDE903011F
:1007E000884203DD0098405C179901E0179930209A
:1007F0005A469047049805F10105401C0490019861
:10080000401E019004D12E205A46179990476D1C26
:10081000BAF10001AAF1010ADDDC05E017F8010BCD
:100820005A46179990476D1CB8F10001A8F10108CC
:10083000F4DC5B462146179A0598ABE62D000000D4
:100840002B000000200000002DE9F04104460025A7
:100850001E461746880404D405E039462020B047D8
:100860006D1C641EF9D52846BDE8F0812DE9F041E4
:10087000044600251E469046C80301D5302700E0F7
:100880002027880404D505E041463846B0476D1C52
:10089000641EF9D52846BDE8F0814A68002A06D0D2
:1008A0000A68531C0B6010704868401E486070470F
:1008B00082B0CDE9000121F0004001909DED000BD8
:1008C00002B051EC100B70470149FEF7E5BA000089
:1008D0002000002410B5044601E0FEF7DDFA14F80C
:1008E000010B04490028F8D1BDE810400A20FEF7AA
:1008F000D3BA0000200000240000803F0030983F61
:100900000000B53F0040D73F00000000320A7E39AA
:100910007F661E395B991F390000803FF037983F92
:10092000F304B53FFD44D73F000000000030F13D27
:100930000070643E0000A33E0090CF3E0090F83E61
:1009400000400F3F00E0203F0000000015B7833754
:10095000CDE37B380EE1C53860F69138AF5F0F38D4
:10096000E1BC3E3823F4473900004054FB21F93FF5
:100970003163621A61B4D03D0000601A61B4D03DA9
:100980007370032E8A19A33B0000002E8A19A33B23
:10099000C14920259A837B39000000000000000037
:1009A0006E83F9A22915444ED15727FCC0DD34F5DA
:1009B000999562DB4190433CAB6351FE61C5BBDE60
:1009C0003A6E24B7E0D24D42EA2E49061C92D10974
:1009D0001CEB1DFE3EA729B1F53582E88444BB2EF1
:1009E00026709CE9417E5FB439D69139F43953833E
:1009F0008B5F849C3B28F9BDFF97F81F0F9805DE9D
:100A00008B112FEF1F6D0A5ACF7E366DB709CB279A
:100A1000663F464F2DEA5F9EC7BA27757BF1E5EB2F
:100A2000F739073DEA92528AB15FFB6B085D8D1F73
:100A3000000000006E83F9A22915444ED15727FC0F
:100A4000C0DD34F5999562DB4190433CAB6351FEC8
:100A50007AFE10111111C13F37D60684F464963F17
:100A6000280356C9226D6D3F0165F2F2D844433F19
:100A7000A69237A0887E143F735360DBCB75F3BE1C
:100A8000FE41B31BBAA1AB3F93846EE9E326823FDC
:100A90001583E0FEC8DB573F68108D1AF726303FFC
:100AA000E9A7F0320FB8123FD47ABF74702AFB3E28
:100AB000DDDDDDDDDCBBBBDDDDDDDDDDDDDDDDDDAB
:100AC00098888888888888887777777777888888EB
:100AD0008555555666666666666666666668888883
:100AE0008333333222222222222222222228888D7C
:100AF00043170108391701082F17010825170108A6
:100B00009B0F0108910F0108870F01087D0F010855
:100B10009B0F0108910F0108870F01087D0F010845
:100B20000000000001020304010203040607080993
:100B30005AA5112233445566778899001020304019
:100B40004D4F44454C2D544553542D31323334359B
:100B5000010002000400060008000A000C0010005A
:100B60002000400080000001010101030701000096
:100B70000804020408010101640000006D00000087
:100B800077000000820000008D0000009A00000045
:100B9000A8000000B7000000C8000000DA00000054
:100BA000ED000000030100001A0100003301000005
:100BB0004F0100006D0100008E010000B201000035
:100BC000D9010000040200003202000065020000AA
:100BD0009C020000D90200001A030000620300001A
:100BE000B00300000504000062040000C704000018
:100BF00036050000AE05000031060000C00600000A
:100C00005C07000006080000BF080000890900001A
:100C1000650A0000550B00005A0C0000770D00001B
:100C2000AE0E00000110000073110000061300005A
:100C3000BD1400009C160000A6180000DF1A00007A
:100C40004B1D0000EF1F0000D1220000F425000022
:100C5000612900001C2D00002D3100009D35000091
:100C6000723A0000B83F000077450000BB4B00001F
:100C70008F520000015A00001F620000F86A000055
:100C80009E740000227F0000998A000019970000DE
:100C9000BAA4000095B30000C7C300006FD50000E0
:100CA000AEE80000AAFD00008B1401007B2D0100BE
:100CB000AC48010050660100A08601005B4441433E
:100CC0005D206C6561726E696E6720736F7572630B
:100CD0006520737461727465643A205041352C202C
:100CE000696E7075743D256C75206D5670702C2082
:100CF0005041342068656C6420617420312E363593
:100D000020562C2046733D257520487A0D0A005B3D
:100D10004441435D20737461727465643A205041AC
:100D2000342C20257520487A2C2061626F75742040
:100D30002575206D5670702C2063656E7465722069
:100D400061626F757420312E363520562C20467323
:100D50003D257520487A0D0A005B4441435D2072B1
:100D600065706C617920737461727465643A2050A7
:100D7000413520696E7075743D256C75206D567017
:100D8000702C20504134206F75747075743D256C43
:100D900075206D5670702C2070686173653D2566F6
:100DA000206465672C20663D256C7520487A0D0A05
:100DB000005B4441544120464C4153485D206572DC
:100DC00061736520766572696669636174696F6EC7
:100DD000204641494C454420617420256C753A20D9
:100DE0003078253032580D0A005B4441544120468A
:100DF0004C4153485D20636F6D70617265204641C0
:100E0000494C454420617420256C753A2065787002
:100E100065637465643D30782530325820676F749F
:100E20003D3078253032580D0A005B444154412052
:100E3000464C4153485D206E6F74206964656E7442
:100E400069666965642061732057323551323536E1
:100E50002C2063617061636974792049443D307866
:100E60002530326C580D0A005B4441544120464CF9
:100E70004153485D20573235513235362072656115
:100E800064792C204A454445433D30782530366C02
:100E9000582C20342D627974652061646472657306
:100EA00073206D6F646520656E61626C65640D0A08
:100EB0000020205461736B34207265666572656E24
:100EC00063653D256C75206D562C206372633D3043
:100ED000782530386C580D0A002020482873293AAC
:100EE0002062323D25662062313D25662062303D1C
:100EF00025662061313D25662061303D25660D0A5D
:100F00000020207061737362616E64206761696E96
:100F10003D256C752E2530336C752C20513D256C8C
:100F2000752E2530336C750D0A0020206E6F7463AA
:100F3000683D256C7520487A2C206C6F773D256CB8
:100F40007520487A2C20686967683D256C752048B3
:100F50007A0D0A0020207065616B3D256C75204874
:100F60007A2C206C6F773D256C7520487A2C206890
:100F70006967683D256C7520487A0D0A0042414E2C
:100F8000442053544F500042414E4420504153534B
:100F900000484947482050415353004C4F57205078
:100FA000415353004D6F64656C207C48286A772953
:100FB0007C2061626F75742025752E253033752C69
:100FC000207265666572656E636520636F6D6D6125
:100FD0006E643D25752061742031206B487A2E0D9A
:100FE0000A000D0A5B5461736B20345D2043483066
:100FF0003D257520487A2C207461726765743D2503
:10100000752E2575205670702C20616D706C69747A
:1010100075646520636F6D6D616E643D25750D0AA5
:10102000005B4C4541524E5D2066697474696E6781
:1010300020257320706172616D65746572732E2E48
:101040002E0D0A005B5461736B20355D2053544FA5
:10105000503A2056696E20626961733D2575206D96
:10106000562C2065787065637465642031343030A7
:101070007E31393030206D562E0D0A005B5461737D
:101080006B20355D2053544F503A2056696E2041F5
:101090004320524D533D2575206D562069732074B1
:1010A0006F6F20736D616C6C3B2065787065637445
:1010B00065642061626F7574202575206D56206609
:1010C0006F72202575206D5670702E0D0A005B54CE
:1010D00061736B20355D2046756C6C20636C6173A9
:1010E00073696669636174696F6E20737765657093
:1010F0003A20256C757E256C7520487A2C20257544
:1011000020706F696E74732E0D0A005B5461736BEF
:1011100020355D2044657461696C65642073776572
:1011200065703A20257520706F696E74732C2025C8
:10113000752063617074757265732F706F696E745A
:101140003B207065616B2F6375746F6666207265F6
:1011500066696E656D656E7420757365732025759F
:101160002063617074757265732F706F696E742E71
:101170000D0A00202056696E203A20726177206D9A
:1011800065616E3D257520636E742044433D257571
:10119000206D56206D696E3D2575206D56206D6160
:1011A000783D2575206D56205670702873616D70DE
:1011B0006C65293D2575206D562041435F524D5386
:1011C0003D2575206D56205670702873696E65290F
:1011D0003D2575206D560D0A002020566F75743A16
:1011E00020726177206D65616E3D257520636E7498
:1011F0002044433D2575206D56206D696E3D257553
:10120000206D56206D61783D2575206D56205670F5
:10121000702873616D706C65293D2575206D5620B1
:1012200041435F524D533D2575206D5620567070D9
:101230002873696E65293D2575206D560D0A005B82
:101240005461736B20355D2041444320776169749C
:101250003A20646F6E653D2575206572726F723D30
:101260002575204E4454523D257520737461746574
:101270003D3078253038580D0A005B5461736B207F
:10128000355D2041444320444D41207374617475A1
:10129000733D25752073746174653D307825303851
:1012A00058206572726F723D3078253038580D0ABB
:1012B000005B5461736B20355D20414443206361C2
:1012C00070747572652074696D656F75743A206409
:1012D0006F6E653D2575206572726F723D257520B4
:1012E0004E4454523D2575204144435F73746174EC
:1012F000653D307825303858204144435F6572722F
:101300006F723D3078253038582054494D5F434E38
:10131000543D256C752054494D5F53523D3078251E
:1013200030386C580D0A00202062323D302C20628B
:10133000313D25662C2062303D302C2061313D2529
:10134000662C2061303D25660D0A00202062323D6A
:1013500025662C2062313D302C2062303D25662CE4
:101360002061313D25662C2061303D25660D0A0047
:101370000D0A5B5461736B20355D2046696C7465A2
:101380007220747970653A2025730D0A005B4C4514
:1013900041524E5D2066696E65207065616B2073F9
:1013A000776565703A20256C757E256C7520487AC6
:1013B0002C20257520706F696E74732C2025752084
:1013C00063617074757265732F706F696E740D0A46
:1013D000005B5461736B20355D2057616974696EE1
:1013E0006720444D413A2074696D656F75743D25E1
:1013F0006C75206D732C204E4454523D25750D0A9A
:10140000005B5461736B20355D20444D4120636F58
:101410006D706C6574653A20646F6E653D2575204E
:101420004E4454523D25750D0A005B5461736B2088
:10143000355D2054494D32207374617475733D25B8
:10144000750D0A0020207061737362616E642067FD
:1014500061696E3D25752E253033752C20513D2553
:10146000752E253033750D0A0020207065616B20C4
:101470006761696E3D25752E253033752C20513DF1
:1014800025752E253033750D0A00202066303D2548
:101490007520487A2C206E6F746368206761696ECE
:1014A0003D25752E253033752C20664C3D25752045
:1014B000487A2C2066483D257520487A0D0A002080
:1014C0002066303D257520487A2C20664C3D2575D8
:1014D00020487A2C2066483D257520487A0D0A0060
:1014E0005B4C4541524E5D20636F617273652073A2
:1014F000776565702025752F25752C20663D256C38
:101500007520487A0D0A002025755B256C755D2FC6
:1015100025755B256C755D005B53454C4654455302
:10152000545D20663D256C7520487A2C207C487CD3
:101530003D25662C2070686173653D2566206465D5
:10154000672C20696E7075743D2575206D5670701E
:101550002C207265706C6963613D256C75206D5639
:1015600070700D0A000D0A5B5461736B20325D20B0
:10157000434830206672657175656E6379207365C6
:101580007420746F20257520487A0D0A005B455839
:10159000542052554E5D20504335206F6273657262
:1015A0007665643A206D696E3D2575206D56206D17
:1015B00061783D2575206D56205670703D2575204B
:1015C0006D5620626961733D2575206D560D0A00C8
:1015D0005B4558542052554E5D2046733D256C7531
:1015E00020487A2C205041352069732068656C644E
:1015F00020617420312E3635205620616E64206DB6
:1016000075737420626520646973636F6E6E6563C1
:101610007465640D0A005B4558542052554E5D2098
:10162000445350206F627365727665643A20696E28
:101630007075743D256C7520487A2C206F75747018
:1016400075743D256C7520487A2C205041342074E7
:1016500061726765743D2575206D5670700D0A00C6
:101660005B4558542052554E5D205741524E3A200A
:1016700050413420636C697070656420256C75205E
:1016800073616D706C65730D0A005549204D4F44B0
:10169000454C204C4541524E5F4641494C45442003
:1016A000300D0A0041434B2054345F504152414DAC
:1016B0000D0A00444F4E45204C4541524E0D0A0044
:1016C0004641494C204C4541524E0D0A004255536B
:1016D00059204C4541524E0D0A0048375F45525241
:1016E0000D0A0041434B2054325F53544152540D74
:1016F0000A0041434B2054345F53544152540D0A65
:101700000041434B205245504C41595F5354415284
:10171000540D0A0055492054322046524551202587
:101720006C750D0A0042414E445F53544F500042C5
:10173000414E445F5041535300484947485F504130
:101740005353004C4F575F50415353003420256C86
:101750007520256C752E256C7500000000000000BA
:101760005B4441544120464C4153485D20726561C1
:10177000642D6261636B20636F6D706172652050D0
:101780004153530D00000000000000000000000065
:101790005B4441544120464C4153485D2065726191
:1017A000736520766572696669636174696F6E201E
:1017B000504153530D0000000000000000000000E5
:1017C0005B4441544120464C4153485D2065726161
:1017D000736520766572696669636174696F6E20EE
:1017E00072656164206661696C65640D00000000CB
:1017F0005B4441544120464C4153485D20342D62A6
:101800007974652061646472657373206D6F6465BB
:10181000206661696C65640D000000000000000036
:101820005B4441544120464C4153485D2072656100
:10183000642D6261636B206661696C65640D0000F4
:101840005B4441544120464C4153485D20706167E0
:10185000652070726F6772616D206661696C656486
:101860000D0000000000000000000000000000006B
:101870005B4441544120464C4153485D20736563AD
:10188000746F7220657261736520636F6D6D616E38
:101890006420636F6D706C6574650D00000000005E
:1018A0005B4441544120464C4153485D2073746F62
:1018B00072616765206C696E6B2069732072656167
:1018C00064790D000000000000000000000000002E
:1018D0005B4D4F44454C2053544F524147455D208A
:1018E000706F7765722D6379636C652074657374AE
:1018F0003A20726573657420626F6172642C207483
:1019000068656E2073656E6420390D00000000006C
:101910005B4D4F44454C2053544F524147455D2049
:101920007265636F726420636F6D706172652046CB
:1019300041494C45440D000000000000000000003B
:101940005B4D4F44454C2053544F524147455D2019
:1019500077726974652F726561642F435243206307
:101960006F6D7061726520504153530D000000008F
:101970005B4D4F44454C2053544F524147455D20E9
:101980006C6F61642074657374207265636F726438
:10199000206661696C65640D0000000000000000B5
:1019A0005B4D4F44454C2053544F524147455D20B9
:1019B0006572617365206661696C65640D00000085
:1019C0005B4D4F44454C2053544F524147455D2099
:1019D0007365636F6E642073617665206661696C00
:1019E00065640D0000000000000000000000000021
:1019F0005B4D4F44454C2053544F524147455D2069
:101A000066697273742073617665206661696C65BE
:101A1000640D000000000000000000000000000055
:101A20005B4D4F44454C2053544F524147455D2038
:101A3000696E6974206661696C65640D0000000060
:101A40004D6561737572652052463120616E642068
:101A500063616C63756C6174652074686520726580
:101A60006C6174697665206572726F72206167615E
:101A7000696E737420746865207461726765742E72
:101A80000D00000000000000000000000000000049
:101A90002020482873293D2862322A735E322B6247
:101AA00030292F28735E322B61312A732B61302944
:101AB0000D00000000000000000000000000000019
:101AC0002020482873293D2862312A73292F287342
:101AD0005E322B61312A732B6130290D000000002A
:101AE0005B5461736B20355D2041444320616E641B
:101AF0002054494D322073746F707065643B2069C7
:101B00006E76616C696461746520444D4120627534
:101B1000666665722E2E2E0D00000000000000008B
:101B20005B4C4541524E5D20726566696E696E6719
:101B30002042414E442053544F5020706172616DD9
:101B400065746572732E2E2E0D00000000000000DB
:101B50005B4C4541524E5D20726566696E696E67E9
:101B60002042414E44205041535320706172616DB8
:101B700065746572732E2E2E0D00000000000000AB
:101B800020205B5741524E5D20566F7574204443B0
:101B90002062696173206973206F7574736964656D
:101BA00020312E347E312E3920562E0D00000000BB
:101BB0005B5461736B20355D204C6561726E696E9C
:101BC000672066696E69736865643B205041352003
:101BD0006F7574707574206973206E6F77206469F7
:101BE0007361626C65642E0D00000000000000004F
:101BF0005B5461736B20355D204C6561726E696E5C
:101C0000672073746F7070656420626563617573BB
:101C1000652061206D6561737572656D656E7420F8
:101C20006661696C65642E0D000000000000000014
:101C30005B5461736B20355D2054494D32207374C1
:101C4000617274206661696C65642E0D000000008D
:101C50005B5461736B20355D2041444320444D410A
:101C6000207374617274206661696C65642E0D0066
:101C70005B5461736B20355D204E6F2076616C691B
:101C800064206D6F64656C2073617665643B2070C1
:101C9000726576696F7573207265636F726420690F
:101CA00073207072657365727665642E0D00000096
:101CB0005B5461736B20355D20444D41204E44548C
:101CC000522072656163686564207A65726F3B209B
:101CD0007573696E6720706F6C6C696E6720636FD7
:101CE0006D706C6574696F6E2E0D00000000000051
:101CF00020205B5741524E5D20566F7574207361F2
:101D00006D706C656420567070206973206E65611B
:101D10007220746865206E6F69736520666C6F6FE2
:101D2000722E0D0000000000000000000000000006
:101D30005B5461736B20355D2041444320636170C7
:101D4000747572652073746F707065642061667459
:101D5000657220616E204144432F444D41206572DD
:101D6000726F722E0D0000000000000000000000E5
:101D70005B5461736B20355D20537765657020700F
:101D80006C616E3A203831206C6F672D737061631F
:101D9000656420706F696E74732C203320636170EA
:101DA00074757265732F706F696E742C206573740F
:101DB000696D61746564206475726174696F6E2009
:101DC00033307E363020732E0D00000000000000FE
:101DD0005B5461736B20355D20496E7075742073A0
:101DE00069676E616C20697320746F6F20736D6119
:101DF0006C6C2E20436865636B2050433520616E08
:101E00006420312E3635205620626961732E0D0014
:101E10005B5461736B20355D20483720444143207B
:101E20006C6561726E696E6720736F757263652091
:101E30006661696C656420746F2073746172742EBE
:101E40000D00000000000000000000000000000085
:101E50005B5461736B20355D20444D412062756693
:101E60006665722072656164792E0D0000000000C5
:101E70000D0A5B5461736B20355D2042414E442056
:101E800053544F50206D6F64656C20726573756C90
:101E9000743A0D0000000000000000000000000087
:101EA0000D0A5B5461736B20355D2042414E442026
:101EB00050415353206D6F64656C20726573756C6F
:101EC000743A0D0000000000000000000000000057
:101ED0005B5461736B20355D205041332070617419
:101EE000683A20312E363520562062696173202DE4
:101EF0003E204F504133343020666F6C6C6F7765F5
:101F0000723B2052313D3132306B206F686D2C2096
:101F10005234206E6F74206669747465642C20439B
:101F2000353D312E302075460D00000000000000C8
:101F30000D0A5374616E64616C6F6E6520332069A5
:101F4000732064697361626C65642E20557365202B
:101F500034206672657175656E637920746172678D
:101F6000657420666F72205461736B20342E0D00EF
:101F70000D0A496E76616C696420636F6D6D616EE8
:101F8000642E2053656E64203F20666F7220686562
:101F90006C702E0D0000000000000000000000002A
:101FA0000D0A4444532069646C653A206F7574705F
:101FB000757473206172652064697361626C656415
:101FC0002E2053656E64203F20666F722074686512
:101FD00020636F6D706C65746520636F6D6D616EED
:101FE00064206C6973742E0D000000000000000076
:101FF0000D0A4672657175656E6379207365747438
:10200000696E6720697320617661696C61626C65D5
:10201000206F6E6C7920696E205461736B20322EB4
:102020002053656E642032202B20456E746572202B
:1020300066697273742E0D0000000000000000003D
:102040000D0A45787465726E616C207265706C6102
:102050007920666F726D61743A203130206F722082
:10206000313020300D0000000000000000000000B2
:102070000D0A4C6F6F706261636B20666F726D61E9
:10208000743A203133206F7220313320300D00003C
:1020900020204578616D706C652020202020202054
:1020A0002020202020203A203420313030302032AF
:1020B0002E300D00000000000000000000000000B5
:1020C0000D0A53656C662D7465737420666F726DAE
:1020D00061743A203131206F72203131206672658F
:1020E0007175656E63792C20666F72206578616DFD
:1020F000706C6520313120313030300D000000002F
:102100005B4C4541524E2052454144595D20736518
:102110006E64203920746F20696E7370656374205B
:10212000746865206D6F64656C2C207468656E2022
:102130007265636F6E6E65637420616E6420736593
:102140006E642031300D000000000000000000002F
:10215000202032202B20456E746572202020202004
:102160002020202020203A205461736B20322C2024
:1021700031303020487A2E2E31204D487A2C206183
:102180006D706C697475646520636F6D6D616E64EC
:10219000203434300D00000000000000000000007A
:1021A00020204578616D706C652020202020202043
:1021B0002020202020203A2034203330303020319D
:1021C0002E330D00000000000000000000000000A1
:1021D00020202020202020202020202020202020FF
:1021E0002020202020205461736B20352066726FE0
:1021F0006E742D656E643A20312E35205670702035
:102200005041352C204F504133343020756E697465
:102210007920666F6C6C6F776572202D3E2050417F
:10222000330D00000000000000000000000000006E
:1022300020203130202B20456E7465722020202014
:102240002020202020203A20666F726D616C20656E
:10225000787465726E616C207265706C61792C2087
:10226000504335202D3E2048287A29202D3E2050ED
:1022700041340D00000000000000000000000000DC
:10228000202035202B20456E7465722020202020D0
:102290002020202020203A205461736B20352C20F0
:1022A0006C6561726E2074686520756E6B6E6F77F9
:1022B0006E206D6F64656C207769746820483720E4
:1022C0005041350D0000000000000000000000003B
:1022D0000D0A44657374727563746976652073744E
:1022E0006F726167652D7465737420666F726D61BE
:1022F000743A203820383838380D000000000000CB
:1023000020204578616D706C6520202020202020E1
:102310002020202020203A2034203033303020313B
:102320002E390D0000000000000000000000000039
:102330000D0A444453206D6F646520636F6D6D61B9
:102340006E64733A0D000000000000000000000001
:1023500020203133202B20456E74657220202020F0
:102360002020202020203A2065787465726E616CF0
:1023700020756E697479206C6F6F706261636B2C6D
:102380002050433520414443202D3E2050413420ED
:102390004441430D00000000000000000000000068
:1023A0000D0A4C6561726E696E6720666F726D61B1
:1023B000743A2035206F72203520440D0000000053
:1023C000202039202B20456E74657220202020208B
:1023D0002020202020203A207265616420616E64F4
:1023E000207072696E7420746865206C6174657306
:1023F000742073746F726564206D6F64656C2072F5
:1024000065636F72640D00000000000000000000B2
:102410002020342058207265666572656E63655FA2
:102420006D56202020203A20736574205461736B10
:1024300020342063616C6962726174696F6E20720E
:1024400065666572656E63650D0000000000000042
:102450005B4558542052554E5D20776972696E670E
:102460003A2067656E657261746F72202D3E205050
:10247000433520616E64206D6F64656C20696E70F9
:1024800075743B20504134202D3E2073636F70657E
:102490000D0000000000000000000000000000002F
:1024A0002020352044202B20456E7465722020208A
:1024B0002020202020203A205461736B2035207783
:1024C0006974682066756C6C204144432F444D410B
:1024D000206465627567206C6F6767696E670D00C1
:1024E00020203131202B20456E7465722020202061
:1024F0002020202020203A20696E7465726E616C65
:102500002073696E652073656C662D746573742025
:1025100061742073746F726564207065616B2F6ED7
:102520006F7463680D0000000000000000000000F0
:10253000202031302030202B20456E746572202001
:102540002020202020203A2073746F70206578743A
:1025500065726E616C207265706C6179206F72209B
:102560006C6F6F706261636B0D0000000000000013
:10257000202031332030202B20456E7465722020BE
:102580002020202020203A2073746F7020657874FA
:1025900065726E616C20756E697479206C6F6F70F6
:1025A0006261636B0D00000000000000000000008D
:1025B000202036202B20456E74657220202020209C
:1025C0002020202020203A20483734332044414323
:1025D00020746573742C205041342031206B487A6C
:1025E0002061626F75742032205670703B207365D5
:1025F0006E64203620616761696E20746F20737489
:102600006F700D00000000000000000000000000DE
:1026100020203420667265712074617267657420B1
:102620002B20456E7465723A205461736B20342CF4
:102630002066726571203130302E2E3330303020DC
:10264000487A2C2074617267657420312E302E2EEA
:10265000322E30205670700D000000000000000087
:102660002020382038383838202B20456E74657289
:102670002020202020203A206465737472756374D2
:10268000697665206D6F64656C2D73746F72616718
:102690006520746573743B20657261736573206D8A
:1026A0006F64656C20736C6F74730D000000000024
:1026B0005B4558542052554E5D206F6E652D6B65FD
:1026C0007920737461727420636F6D706C657465CA
:1026D0003B20646F206E6F742061646A7573742090
:1026E0006166746572207468697320706F696E74B6
:1026F0000D000000000000000000000000000000CD
:1027000020203132202B20456E746572202020203D
:102710002020202020203A205041352031206B48B5
:102720007A2C20313030206D567070207374616EB9
:1027300064616C6F6E6520746573740D0000000039
:10274000202037202B20456E746572202020202009
:102750002020202020203A204441544120464C4152
:102760005348205350493220726561642F6572616D
:1027700073652F77726974652F726561642D62616C
:10278000636B20746573740D00000000000000008E
:10279000202031312030202B20456E74657220209E
:1027A0002020202020203A2073746F7020696E74DE
:1027B00065726E616C2073696E652073656C662D41
:1027C000746573740D00000000000000000000003C
:1027D0005B53454C46544553545D2073746F72658A
:1027E00064206D6F64656C20686173206E6F206378
:1027F000686172616374657269737469632066727B
:10280000657175656E63793B207573652031312084
:102810006672657175656E63790D000000000000D9
:1028200020203131206672657175656E6379202BC9
:1028300020456E7465723A20696E7465726E616CC3
:102840002073696E652073656C662D7465737420E2
:102850006174206D616E75616C206672657175655D
:102860006E63790D00000000000000000000000011
:1028700020206672657175656E6379202B20456E28
:10288000746572203A20726F756E64656420746F8F
:1028900020746865206E6561726573742031303014
:1028A00020487A0D00000000000000000000000039
:1028B00020202B202F202D202020202020202020F1
:1028C000202020203A206368616E6765206672656B
:1028D0007175656E63792062792031303020487AD5
:1028E0000D000000000000000000000000000000DB
:1028F0005B4558542052554E5D2073746F72656469
:1029000020482873292063616E6E6F7420626520F1
:10291000636F6E76657274656420746F20612076D3
:10292000616C6964206269717561640D000000006A
:102930005B4558542052554E5D205741524E3A2027
:1029400050433520697320636C6F736520746F206A
:1029500041444320636C697070696E670D0000002C
:102960005B4558542052554E5D205741524E3A20F7
:1029700065787465726E616C20696E70757420691B
:10298000732062656C6F772031205670703B206A2F
:1029900075646765207369676E616C2073686F7515
:1029A0006C642062652032205670700D00000000BB
:1029B000D02901080000002420000000BCFF00080E
:1029C000F02901082000002468200000CCFF000846
:1029D000000000000090D0030090D0030013FFF02F
:1029E000E8030000EE0700000100000010000000F6
:020000043000CA
:1000000000000000000000000000000000000000F0
:1000100000000000000000000000000000000000E0
:1000200000000000000000000000000000000000D0
:1000300000000000000000000000000000000000C0
:1000400000000000000000000000000000000000B0
:1000500000000000000000000000000000000000A0
:100060000000000000000000000000000000000090
:100070000000000000000000000000000000000080
:100080000000000000000000000000000000000070
:100090000000000000000000000000000000000060
:1000A0000000000000000000000000000000000050
:1000B0000000000000000000000000000000000040
:1000C0000000000000000000000000000000000030
:1000D0000000000000000000000000000000000020
:1000E0000000000000000000000000000000000010
:1000F0000000000000000000000000000000000000
:1001000000000000000000000000000000000000EF
:1001100000000000000000000000000000000000DF
:1001200000000000000000000000000000000000CF
:1001300000000000000000000000000000000000BF
:1001400000000000000000000000000000000000AF
:10015000000000000000000000000000000000009F
:10016000000000000000000000000000000000008F
:10017000000000000000000000000000000000007F
:10018000000000000000000000000000000000006F
:10019000000000000000000000000000000000005F
:1001A000000000000000000000000000000000004F
:1001B000000000000000000000000000000000003F
:1001C000000000000000000000000000000000002F
:1001D000000000000000000000000000000000001F
:1001E000000000000000000000000000000000000F
:1001F00000000000000000000000000000000000FF
:1002000000000000000000000000000000000000EE
:1002100000000000000000000000000000000000DE
:1002200000000000000000000000000000000000CE
:1002300000000000000000000000000000000000BE
:1002400000000000000000000000000000000000AE
:10025000000000000000000000000000000000009E
:10026000000000000000000000000000000000008E
:10027000000000000000000000000000000000007E
:10028000000000000000000000000000000000006E
:10029000000000000000000000000000000000005E
:1002A000000000000000000000000000000000004E
:1002B000000000000000000000000000000000003E
:1002C000000000000000000000000000000000002E
:1002D000000000000000000000000000000000001E
:1002E000000000000000000000000000000000000E
:1002F00000000000000000000000000000000000FE
:1003000000000000000000000000000000000000ED
:1003100000000000000000000000000000000000DD
:1003200000000000000000000000000000000000CD
:1003300000000000000000000000000000000000BD
:1003400000000000000000000000000000000000AD
:10035000000000000000000000000000000000009D
:10036000000000000000000000000000000000008D
:10037000000000000000000000000000000000007D
:10038000000000000000000000000000000000006D
:10039000000000000000000000000000000000005D
:1003A000000000000000000000000000000000004D
:1003B000000000000000000000000000000000003D
:1003C000000000000000000000000000000000002D
:1003D000000000000000000000000000000000001D
:1003E000000000000000000000000000000000000D
:1003F00000000000000000000000000000000000FD
:1004000000000000000000000000000000000000EC
:1004100000000000000000000000000000000000DC
:1004200000000000000000000000000000000000CC
:1004300000000000000000000000000000000000BC
:1004400000000000000000000000000000000000AC
:10045000000000000000000000000000000000009C
:10046000000000000000000000000000000000008C
:10047000000000000000000000000000000000007C
:10048000000000000000000000000000000000006C
:10049000000000000000000000000000000000005C
:1004A000000000000000000000000000000000004C
:1004B000000000000000000000000000000000003C
:1004C000000000000000000000000000000000002C
:1004D000000000000000000000000000000000001C
:1004E000000000000000000000000000000000000C
:1004F00000000000000000000000000000000000FC
:1005000000000000000000000000000000000000EB
:1005100000000000000000000000000000000000DB
:1005200000000000000000000000000000000000CB
:1005300000000000000000000000000000000000BB
:1005400000000000000000000000000000000000AB
:10055000000000000000000000000000000000009B
:10056000000000000000000000000000000000008B
:10057000000000000000000000000000000000007B
:10058000000000000000000000000000000000006B
:10059000000000000000000000000000000000005B
:1005A000000000000000000000000000000000004B
:1005B000000000000000000000000000000000003B
:1005C000000000000000000000000000000000002B
:1005D000000000000000000000000000000000001B
:1005E000000000000000000000000000000000000B
:1005F00000000000000000000000000000000000FB
:1006000000000000000000000000000000000000EA
:1006100000000000000000000000000000000000DA
:1006200000000000000000000000000000000000CA
:1006300000000000000000000000000000000000BA
:1006400000000000000000000000000000000000AA
:10065000000000000000000000000000000000009A
:10066000000000000000000000000000000000008A
:10067000000000000000000000000000000000007A
:10068000000000000000000000000000000000006A
:10069000000000000000000000000000000000005A
:1006A000000000000000000000000000000000004A
:1006B000000000000000000000000000000000003A
:1006C000000000000000000000000000000000002A
:1006D000000000000000000000000000000000001A
:1006E000000000000000000000000000000000000A
:1006F00000000000000000000000000000000000FA
:1007000000000000000000000000000000000000E9
:1007100000000000000000000000000000000000D9
:1007200000000000000000000000000000000000C9
:1007300000000000000000000000000000000000B9
:1007400000000000000000000000000000000000A9
:100750000000000000000000000000000000000099
:100760000000000000000000000000000000000089
:100770000000000000000000000000000000000079
:100780000000000000000000000000000000000069
:100790000000000000000000000000000000000059
:1007A0000000000000000000000000000000000049
:1007B0000000000000000000000000000000000039
:1007C0000000000000000000000000000000000029
:1007D0000000000000000000000000000000000019
:1007E0000000000000000000000000000000000009
:1007F00000000000000000000000000000000000F9
:1008000000000000000000000000000000000000E8
:1008100000000000000000000000000000000000D8
:1008200000000000000000000000000000000000C8
:1008300000000000000000000000000000000000B8
:1008400000000000000000000000000000000000A8
:100850000000000000000000000000000000000098
:100860000000000000000000000000000000000088
:100870000000000000000000000000000000000078
:100880000000000000000000000000000000000068
:100890000000000000000000000000000000000058
:1008A0000000000000000000000000000000000048
:1008B0000000000000000000000000000000000038
:1008C0000000000000000000000000000000000028
:1008D0000000000000000000000000000000000018
:1008E0000000000000000000000000000000000008
:1008F00000000000000000000000000000000000F8
:1009000000000000000000000000000000000000E7
:1009100000000000000000000000000000000000D7
:1009200000000000000000000000000000000000C7
:1009300000000000000000000000000000000000B7
:1009400000000000000000000000000000000000A7
:100950000000000000000000000000000000000097
:100960000000000000000000000000000000000087
:100970000000000000000000000000000000000077
:100980000000000000000000000000000000000067
:100990000000000000000000000000000000000057
:1009A0000000000000000000000000000000000047
:1009B0000000000000000000000000000000000037
:1009C0000000000000000000000000000000000027
:1009D0000000000000000000000000000000000017
:1009E0000000000000000000000000000000000007
:1009F00000000000000000000000000000000000F7
:100A000000000000000000000000000000000000E6
:100A100000000000000000000000000000000000D6
:100A200000000000000000000000000000000000C6
:100A300000000000000000000000000000000000B6
:100A400000000000000000000000000000000000A6
:100A50000000000000000000000000000000000096
:100A60000000000000000000000000000000000086
:100A70000000000000000000000000000000000076
:100A80000000000000000000000000000000000066
:100A90000000000000000000000000000000000056
:100AA0000000000000000000000000000000000046
:100AB0000000000000000000000000000000000036
:100AC0000000000000000000000000000000000026
:100AD0000000000000000000000000000000000016
:100AE0000000000000000000000000000000000006
:100AF00000000000000000000000000000000000F6
:100B000000000000000000000000000000000000E5
:100B100000000000000000000000000000000000D5
:100B200000000000000000000000000000000000C5
:100B300000000000000000000000000000000000B5
:100B400000000000000000000000000000000000A5
:100B50000000000000000000000000000000000095
:100B60000000000000000000000000000000000085
:100B70000000000000000000000000000000000075
:100B80000000000000000000000000000000000065
:100B90000000000000000000000000000000000055
:100BA0000000000000000000000000000000000045
:100BB0000000000000000000000000000000000035
:100BC0000000000000000000000000000000000025
:100BD0000000000000000000000000000000000015
:100BE0000000000000000000000000000000000005
:100BF00000000000000000000000000000000000F5
:100C000000000000000000000000000000000000E4
:100C100000000000000000000000000000000000D4
:100C200000000000000000000000000000000000C4
:100C300000000000000000000000000000000000B4
:100C400000000000000000000000000000000000A4
:100C50000000000000000000000000000000000094
:100C60000000000000000000000000000000000084
:100C70000000000000000000000000000000000074
:100C80000000000000000000000000000000000064
:100C90000000000000000000000000000000000054
:100CA0000000000000000000000000000000000044
:100CB0000000000000000000000000000000000034
:100CC0000000000000000000000000000000000024
:100CD0000000000000000000000000000000000014
:100CE0000000000000000000000000000000000004
:100CF00000000000000000000000000000000000F4
:100D000000000000000000000000000000000000E3
:100D100000000000000000000000000000000000D3
:100D200000000000000000000000000000000000C3
:100D300000000000000000000000000000000000B3
:100D400000000000000000000000000000000000A3
:100D50000000000000000000000000000000000093
:100D60000000000000000000000000000000000083
:100D70000000000000000000000000000000000073
:100D80000000000000000000000000000000000063
:100D90000000000000000000000000000000000053
:100DA0000000000000000000000000000000000043
:100DB0000000000000000000000000000000000033
:100DC0000000000000000000000000000000000023
:100DD0000000000000000000000000000000000013
:100DE0000000000000000000000000000000000003
:100DF00000000000000000000000000000000000F3
:100E000000000000000000000000000000000000E2
:100E100000000000000000000000000000000000D2
:100E200000000000000000000000000000000000C2
:100E300000000000000000000000000000000000B2
:100E400000000000000000000000000000000000A2
:100E50000000000000000000000000000000000092
:100E60000000000000000000000000000000000082
:100E70000000000000000000000000000000000072
:100E80000000000000000000000000000000000062
:100E90000000000000000000000000000000000052
:100EA0000000000000000000000000000000000042
:100EB0000000000000000000000000000000000032
:100EC0000000000000000000000000000000000022
:100ED0000000000000000000000000000000000012
:100EE0000000000000000000000000000000000002
:100EF00000000000000000000000000000000000F2
:100F000000000000000000000000000000000000E1
:100F100000000000000000000000000000000000D1
:100F200000000000000000000000000000000000C1
:100F300000000000000000000000000000000000B1
:100F400000000000000000000000000000000000A1
:100F50000000000000000000000000000000000091
:100F60000000000000000000000000000000000081
:100F70000000000000000000000000000000000071
:100F80000000000000000000000000000000000061
:100F90000000000000000000000000000000000051
:100FA0000000000000000000000000000000000041
:100FB0000000000000000000000000000000000031
:100FC0000000000000000000000000000000000021
:100FD0000000000000000000000000000000000011
:100FE0000000000000000000000000000000000001
:100FF00000000000000000000000000000000000F1
:1010000000000000000000000000000000000000E0
:1010100000000000000000000000000000000000D0
:1010200000000000000000000000000000000000C0
:1010300000000000000000000000000000000000B0
:1010400000000000000000000000000000000000A0
:101050000000000000000000000000000000000090
:101060000000000000000000000000000000000080
:101070000000000000000000000000000000000070
:101080000000000000000000000000000000000060
:101090000000000000000000000000000000000050
:1010A0000000000000000000000000000000000040
:1010B0000000000000000000000000000000000030
:1010C0000000000000000000000000000000000020
:1010D0000000000000000000000000000000000010
:1010E0000000000000000000000000000000000000
:1010F00000000000000000000000000000000000F0
:1011000000000000000000000000000000000000DF
:1011100000000000000000000000000000000000CF
:1011200000000000000000000000000000000000BF
:1011300000000000000000000000000000000000AF
:10114000000000000000000000000000000000009F
:10115000000000000000000000000000000000008F
:10116000000000000000000000000000000000007F
:10117000000000000000000000000000000000006F
:10118000000000000000000000000000000000005F
:10119000000000000000000000000000000000004F
:1011A000000000000000000000000000000000003F
:1011B000000000000000000000000000000000002F
:1011C000000000000000000000000000000000001F
:1011D000000000000000000000000000000000000F
:1011E00000000000000000000000000000000000FF
:1011F00000000000000000000000000000000000EF
:1012000000000000000000000000000000000000DE
:1012100000000000000000000000000000000000CE
:1012200000000000000000000000000000000000BE
:1012300000000000000000000000000000000000AE
:10124000000000000000000000000000000000009E
:10125000000000000000000000000000000000008E
:10126000000000000000000000000000000000007E
:10127000000000000000000000000000000000006E
:10128000000000000000000000000000000000005E
:10129000000000000000000000000000000000004E
:1012A000000000000000000000000000000000003E
:1012B000000000000000000000000000000000002E
:1012C000000000000000000000000000000000001E
:1012D000000000000000000000000000000000000E
:1012E00000000000000000000000000000000000FE
:1012F00000000000000000000000000000000000EE
:1013000000000000000000000000000000000000DD
:1013100000000000000000000000000000000000CD
:1013200000000000000000000000000000000000BD
:1013300000000000000000000000000000000000AD
:10134000000000000000000000000000000000009D
:10135000000000000000000000000000000000008D
:10136000000000000000000000000000000000007D
:10137000000000000000000000000000000000006D
:10138000000000000000000000000000000000005D
:10139000000000000000000000000000000000004D
:1013A000000000000000000000000000000000003D
:1013B000000000000000000000000000000000002D
:1013C000000000000000000000000000000000001D
:1013D000000000000000000000000000000000000D
:1013E00000000000000000000000000000000000FD
:1013F00000000000000000000000000000000000ED
:1014000000000000000000000000000000000000DC
:1014100000000000000000000000000000000000CC
:1014200000000000000000000000000000000000BC
:1014300000000000000000000000000000000000AC
:10144000000000000000000000000000000000009C
:10145000000000000000000000000000000000008C
:10146000000000000000000000000000000000007C
:10147000000000000000000000000000000000006C
:10148000000000000000000000000000000000005C
:10149000000000000000000000000000000000004C
:1014A000000000000000000000000000000000003C
:1014B000000000000000000000000000000000002C
:1014C000000000000000000000000000000000001C
:1014D000000000000000000000000000000000000C
:1014E00000000000000000000000000000000000FC
:1014F00000000000000000000000000000000000EC
:1015000000000000000000000000000000000000DB
:1015100000000000000000000000000000000000CB
:1015200000000000000000000000000000000000BB
:1015300000000000000000000000000000000000AB
:10154000000000000000000000000000000000009B
:10155000000000000000000000000000000000008B
:10156000000000000000000000000000000000007B
:10157000000000000000000000000000000000006B
:10158000000000000000000000000000000000005B
:10159000000000000000000000000000000000004B
:1015A000000000000000000000000000000000003B
:1015B000000000000000000000000000000000002B
:1015C000000000000000000000000000000000001B
:1015D000000000000000000000000000000000000B
:1015E00000000000000000000000000000000000FB
:1015F00000000000000000000000000000000000EB
:1016000000000000000000000000000000000000DA
:1016100000000000000000000000000000000000CA
:1016200000000000000000000000000000000000BA
:1016300000000000000000000000000000000000AA
:10164000000000000000000000000000000000009A
:10165000000000000000000000000000000000008A
:10166000000000000000000000000000000000007A
:10167000000000000000000000000000000000006A
:10168000000000000000000000000000000000005A
:10169000000000000000000000000000000000004A
:1016A000000000000000000000000000000000003A
:1016B000000000000000000000000000000000002A
:1016C000000000000000000000000000000000001A
:1016D000000000000000000000000000000000000A
:1016E00000000000000000000000000000000000FA
:1016F00000000000000000000000000000000000EA
:1017000000000000000000000000000000000000D9
:1017100000000000000000000000000000000000C9
:1017200000000000000000000000000000000000B9
:1017300000000000000000000000000000000000A9
:101740000000000000000000000000000000000099
:101750000000000000000000000000000000000089
:101760000000000000000000000000000000000079
:101770000000000000000000000000000000000069
:101780000000000000000000000000000000000059
:101790000000000000000000000000000000000049
:1017A0000000000000000000000000000000000039
:1017B0000000000000000000000000000000000029
:1017C0000000000000000000000000000000000019
:1017D0000000000000000000000000000000000009
:1017E00000000000000000000000000000000000F9
:1017F00000000000000000000000000000000000E9
:1018000000000000000000000000000000000000D8
:1018100000000000000000000000000000000000C8
:1018200000000000000000000000000000000000B8
:1018300000000000000000000000000000000000A8
:101840000000000000000000000000000000000098
:101850000000000000000000000000000000000088
:101860000000000000000000000000000000000078
:101870000000000000000000000000000000000068
:101880000000000000000000000000000000000058
:101890000000000000000000000000000000000048
:1018A0000000000000000000000000000000000038
:1018B0000000000000000000000000000000000028
:1018C0000000000000000000000000000000000018
:1018D0000000000000000000000000000000000008
:1018E00000000000000000000000000000000000F8
:1018F00000000000000000000000000000000000E8
:1019000000000000000000000000000000000000D7
:1019100000000000000000000000000000000000C7
:1019200000000000000000000000000000000000B7
:1019300000000000000000000000000000000000A7
:101940000000000000000000000000000000000097
:101950000000000000000000000000000000000087
:101960000000000000000000000000000000000077
:101970000000000000000000000000000000000067
:101980000000000000000000000000000000000057
:101990000000000000000000000000000000000047
:1019A0000000000000000000000000000000000037
:1019B0000000000000000000000000000000000027
:1019C0000000000000000000000000000000000017
:1019D0000000000000000000000000000000000007
:1019E00000000000000000000000000000000000F7
:1019F00000000000000000000000000000000000E7
:101A000000000000000000000000000000000000D6
:101A100000000000000000000000000000000000C6
:101A200000000000000000000000000000000000B6
:101A300000000000000000000000000000000000A6
:101A40000000000000000000000000000000000096
:101A50000000000000000000000000000000000086
:101A60000000000000000000000000000000000076
:101A70000000000000000000000000000000000066
:101A80000000000000000000000000000000000056
:101A90000000000000000000000000000000000046
:101AA0000000000000000000000000000000000036
:101AB0000000000000000000000000000000000026
:101AC0000000000000000000000000000000000016
:101AD0000000000000000000000000000000000006
:101AE00000000000000000000000000000000000F6
:101AF00000000000000000000000000000000000E6
:101B000000000000000000000000000000000000D5
:101B100000000000000000000000000000000000C5
:101B200000000000000000000000000000000000B5
:101B300000000000000000000000000000000000A5
:101B40000000000000000000000000000000000095
:101B50000000000000000000000000000000000085
:101B60000000000000000000000000000000000075
:101B70000000000000000000000000000000000065
:101B80000000000000000000000000000000000055
:101B90000000000000000000000000000000000045
:101BA0000000000000000000000000000000000035
:101BB0000000000000000000000000000000000025
:101BC0000000000000000000000000000000000015
:101BD0000000000000000000000000000000000005
:101BE00000000000000000000000000000000000F5
:101BF00000000000000000000000000000000000E5
:101C000000000000000000000000000000000000D4
:101C100000000000000000000000000000000000C4
:101C200000000000000000000000000000000000B4
:101C300000000000000000000000000000000000A4
:101C40000000000000000000000000000000000094
:101C50000000000000000000000000000000000084
:101C60000000000000000000000000000000000074
:101C70000000000000000000000000000000000064
:101C80000000000000000000000000000000000054
:101C90000000000000000000000000000000000044
:101CA0000000000000000000000000000000000034
:101CB0000000000000000000000000000000000024
:101CC0000000000000000000000000000000000014
:101CD0000000000000000000000000000000000004
:101CE00000000000000000000000000000000000F4
:101CF00000000000000000000000000000000000E4
:101D000000000000000000000000000000000000D3
:101D100000000000000000000000000000000000C3
:101D200000000000000000000000000000000000B3
:101D300000000000000000000000000000000000A3
:101D40000000000000000000000000000000000093
:101D50000000000000000000000000000000000083
:101D60000000000000000000000000000000000073
:101D70000000000000000000000000000000000063
:101D80000000000000000000000000000000000053
:101D90000000000000000000000000000000000043
:101DA0000000000000000000000000000000000033
:101DB0000000000000000000000000000000000023
:101DC0000000000000000000000000000000000013
:101DD0000000000000000000000000000000000003
:101DE00000000000000000000000000000000000F3
:101DF00000000000000000000000000000000000E3
:101E000000000000000000000000000000000000D2
:101E100000000000000000000000000000000000C2
:101E200000000000000000000000000000000000B2
:101E300000000000000000000000000000000000A2
:101E40000000000000000000000000000000000092
:101E50000000000000000000000000000000000082
:101E60000000000000000000000000000000000072
:101E70000000000000000000000000000000000062
:101E80000000000000000000000000000000000052
:101E90000000000000000000000000000000000042
:101EA0000000000000000000000000000000000032
:101EB0000000000000000000000000000000000022
:101EC0000000000000000000000000000000000012
:101ED0000000000000000000000000000000000002
:101EE00000000000000000000000000000000000F2
:101EF00000000000000000000000000000000000E2
:101F000000000000000000000000000000000000D1
:101F100000000000000000000000000000000000C1
:101F200000000000000000000000000000000000B1
:101F300000000000000000000000000000000000A1
:101F40000000000000000000000000000000000091
:101F50000000000000000000000000000000000081
:101F60000000000000000000000000000000000071
:101F70000000000000000000000000000000000061
:101F80000000000000000000000000000000000051
:101F90000000000000000000000000000000000041
:101FA0000000000000000000000000000000000031
:101FB0000000000000000000000000000000000021
:101FC0000000000000000000000000000000000011
:101FD0000000000000000000000000000000000001
:101FE00000000000000000000000000000000000F1
:101FF00000000000000000000000000000000000E1
:1020000000000000000000000000000000000000D0
:1020100000000000000000000000000000000000C0
:1020200000000000000000000000000000000000B0
:1020300000000000000000000000000000000000A0
:102040000000000000000000000000000000000090
:102050000000000000000000000000000000000080
:102060000000000000000000000000000000000070
:102070000000000000000000000000000000000060
:102080000000000000000000000000000000000050
:102090000000000000000000000000000000000040
:1020A0000000000000000000000000000000000030
:1020B0000000000000000000000000000000000020
:1020C0000000000000000000000000000000000010
:1020D0000000000000000000000000000000000000
:1020E00000000000000000000000000000000000F0
:1020F00000000000000000000000000000000000E0
:1021000000000000000000000000000000000000CF
:1021100000000000000000000000000000000000BF
:1021200000000000000000000000000000000000AF
:10213000000000000000000000000000000000009F
:10214000000000000000000000000000000000008F
:10215000000000000000000000000000000000007F
:10216000000000000000000000000000000000006F
:10217000000000000000000000000000000000005F
:10218000000000000000000000000000000000004F
:10219000000000000000000000000000000000003F
:1021A000000000000000000000000000000000002F
:1021B000000000000000000000000000000000001F
:1021C000000000000000000000000000000000000F
:1021D00000000000000000000000000000000000FF
:1021E00000000000000000000000000000000000EF
:1021F00000000000000000000000000000000000DF
:1022000000000000000000000000000000000000CE
:1022100000000000000000000000000000000000BE
:1022200000000000000000000000000000000000AE
:10223000000000000000000000000000000000009E
:10224000000000000000000000000000000000008E
:10225000000000000000000000000000000000007E
:10226000000000000000000000000000000000006E
:10227000000000000000000000000000000000005E
:10228000000000000000000000000000000000004E
:10229000000000000000000000000000000000003E
:1022A000000000000000000000000000000000002E
:1022B000000000000000000000000000000000001E
:1022C000000000000000000000000000000000000E
:1022D00000000000000000000000000000000000FE
:1022E00000000000000000000000000000000000EE
:1022F00000000000000000000000000000000000DE
:1023000000000000000000000000000000000000CD
:1023100000000000000000000000000000000000BD
:1023200000000000000000000000000000000000AD
:10233000000000000000000000000000000000009D
:10234000000000000000000000000000000000008D
:10235000000000000000000000000000000000007D
:10236000000000000000000000000000000000006D
:10237000000000000000000000000000000000005D
:10238000000000000000000000000000000000004D
:10239000000000000000000000000000000000003D
:1023A000000000000000000000000000000000002D
:1023B000000000000000000000000000000000001D
:1023C000000000000000000000000000000000000D
:1023D00000000000000000000000000000000000FD
:1023E00000000000000000000000000000000000ED
:1023F00000000000000000000000000000000000DD
:1024000000000000000000000000000000000000CC
:1024100000000000000000000000000000000000BC
:1024200000000000000000000000000000000000AC
:10243000000000000000000000000000000000009C
:10244000000000000000000000000000000000008C
:10245000000000000000000000000000000000007C
:10246000000000000000000000000000000000006C
:10247000000000000000000000000000000000005C
:10248000000000000000000000000000000000004C
:10249000000000000000000000000000000000003C
:1024A000000000000000000000000000000000002C
:1024B000000000000000000000000000000000001C
:1024C000000000000000000000000000000000000C
:1024D00000000000000000000000000000000000FC
:1024E00000000000000000000000000000000000EC
:1024F00000000000000000000000000000000000DC
:1025000000000000000000000000000000000000CB
:1025100000000000000000000000000000000000BB
:1025200000000000000000000000000000000000AB
:10253000000000000000000000000000000000009B
:10254000000000000000000000000000000000008B
:10255000000000000000000000000000000000007B
:10256000000000000000000000000000000000006B
:10257000000000000000000000000000000000005B
:10258000000000000000000000000000000000004B
:10259000000000000000000000000000000000003B
:1025A000000000000000000000000000000000002B
:1025B000000000000000000000000000000000001B
:1025C000000000000000000000000000000000000B
:1025D00000000000000000000000000000000000FB
:1025E00000000000000000000000000000000000EB
:1025F00000000000000000000000000000000000DB
:1026000000000000000000000000000000000000CA
:1026100000000000000000000000000000000000BA
:1026200000000000000000000000000000000000AA
:10263000000000000000000000000000000000009A
:10264000000000000000000000000000000000008A
:10265000000000000000000000000000000000007A
:10266000000000000000000000000000000000006A
:10267000000000000000000000000000000000005A
:10268000000000000000000000000000000000004A
:10269000000000000000000000000000000000003A
:1026A000000000000000000000000000000000002A
:1026B000000000000000000000000000000000001A
:1026C000000000000000000000000000000000000A
:1026D00000000000000000000000000000000000FA
:1026E00000000000000000000000000000000000EA
:1026F00000000000000000000000000000000000DA
:1027000000000000000000000000000000000000C9
:1027100000000000000000000000000000000000B9
:1027200000000000000000000000000000000000A9
:102730000000000000000000000000000000000099
:102740000000000000000000000000000000000089
:102750000000000000000000000000000000000079
:102760000000000000000000000000000000000069
:102770000000000000000000000000000000000059
:102780000000000000000000000000000000000049
:102790000000000000000000000000000000000039
:1027A0000000000000000000000000000000000029
:1027B0000000000000000000000000000000000019
:1027C0000000000000000000000000000000000009
:1027D00000000000000000000000000000000000F9
:1027E00000000000000000000000000000000000E9
:1027F00000000000000000000000000000000000D9
:1028000000000000000000000000000000000000C8
:1028100000000000000000000000000000000000B8
:1028200000000000000000000000000000000000A8
:102830000000000000000000000000000000000098
:102840000000000000000000000000000000000088
:102850000000000000000000000000000000000078
:102860000000000000000000000000000000000068
:102870000000000000000000000000000000000058
:102880000000000000000000000000000000000048
:102890000000000000000000000000000000000038
:1028A0000000000000000000000000000000000028
:1028B0000000000000000000000000000000000018
:1028C0000000000000000000000000000000000008
:1028D00000000000000000000000000000000000F8
:1028E00000000000000000000000000000000000E8
:1028F00000000000000000000000000000000000D8
:1029000000000000000000000000000000000000C7
:1029100000000000000000000000000000000000B7
:1029200000000000000000000000000000000000A7
:102930000000000000000000000000000000000097
:102940000000000000000000000000000000000087
:102950000000000000000000000000000000000077
:102960000000000000000000000000000000000067
:102970000000000000000000000000000000000057
:102980000000000000000000000000000000000047
:102990000000000000000000000000000000000037
:1029A0000000000000000000000000000000000027
:1029B0000000000000000000000000000000000017
:1029C0000000000000000000000000000000000007
:1029D00000000000000000000000000000000000F7
:1029E00000000000000000000000000000000000E7
:1029F00000000000000000000000000000000000D7
:102A000000000000000000000000000000000000C6
:102A100000000000000000000000000000000000B6
:102A200000000000000000000000000000000000A6
:102A30000000000000000000000000000000000096
:102A40000000000000000000000000000000000086
:102A50000000000000000000000000000000000076
:102A60000000000000000000000000000000000066
:102A70000000000000000000000000000000000056
:102A80000000000000000000000000000000000046
:102A90000000000000000000000000000000000036
:102AA0000000000000000000000000000000000026
:102AB0000000000000000000000000000000000016
:102AC0000000000000000000000000000000000006
:102AD00000000000000000000000000000000000F6
:102AE00000000000000000000000000000000000E6
:102AF00000000000000000000000000000000000D6
:102B000000000000000000000000000000000000C5
:102B100000000000000000000000000000000000B5
:102B200000000000000000000000000000000000A5
:102B30000000000000000000000000000000000095
:102B40000000000000000000000000000000000085
:102B50000000000000000000000000000000000075
:102B60000000000000000000000000000000000065
:102B70000000000000000000000000000000000055
:102B80000000000000000000000000000000000045
:102B90000000000000000000000000000000000035
:102BA0000000000000000000000000000000000025
:102BB0000000000000000000000000000000000015
:102BC0000000000000000000000000000000000005
:102BD00000000000000000000000000000000000F5
:102BE00000000000000000000000000000000000E5
:102BF00000000000000000000000000000000000D5
:102C000000000000000000000000000000000000C4
:102C100000000000000000000000000000000000B4
:102C200000000000000000000000000000000000A4
:102C30000000000000000000000000000000000094
:102C40000000000000000000000000000000000084
:102C50000000000000000000000000000000000074
:102C60000000000000000000000000000000000064
:102C70000000000000000000000000000000000054
:102C80000000000000000000000000000000000044
:102C90000000000000000000000000000000000034
:102CA0000000000000000000000000000000000024
:102CB0000000000000000000000000000000000014
:102CC0000000000000000000000000000000000004
:102CD00000000000000000000000000000000000F4
:102CE00000000000000000000000000000000000E4
:102CF00000000000000000000000000000000000D4
:102D000000000000000000000000000000000000C3
:102D100000000000000000000000000000000000B3
:102D200000000000000000000000000000000000A3
:102D30000000000000000000000000000000000093
:102D40000000000000000000000000000000000083
:102D50000000000000000000000000000000000073
:102D60000000000000000000000000000000000063
:102D70000000000000000000000000000000000053
:102D80000000000000000000000000000000000043
:102D90000000000000000000000000000000000033
:102DA0000000000000000000000000000000000023
:102DB0000000000000000000000000000000000013
:102DC0000000000000000000000000000000000003
:102DD00000000000000000000000000000000000F3
:102DE00000000000000000000000000000000000E3
:102DF00000000000000000000000000000000000D3
:102E000000000000000000000000000000000000C2
:102E100000000000000000000000000000000000B2
:102E200000000000000000000000000000000000A2
:102E30000000000000000000000000000000000092
:102E40000000000000000000000000000000000082
:102E50000000000000000000000000000000000072
:102E60000000000000000000000000000000000062
:102E70000000000000000000000000000000000052
:102E80000000000000000000000000000000000042
:102E90000000000000000000000000000000000032
:102EA0000000000000000000000000000000000022
:102EB0000000000000000000000000000000000012
:102EC0000000000000000000000000000000000002
:102ED00000000000000000000000000000000000F2
:102EE00000000000000000000000000000000000E2
:102EF00000000000000000000000000000000000D2
:102F000000000000000000000000000000000000C1
:102F100000000000000000000000000000000000B1
:102F200000000000000000000000000000000000A1
:102F30000000000000000000000000000000000091
:102F40000000000000000000000000000000000081
:102F50000000000000000000000000000000000071
:102F60000000000000000000000000000000000061
:102F70000000000000000000000000000000000051
:102F80000000000000000000000000000000000041
:102F90000000000000000000000000000000000031
:102FA0000000000000000000000000000000000021
:102FB0000000000000000000000000000000000011
:102FC0000000000000000000000000000000000001
:102FD00000000000000000000000000000000000F1
:102FE00000000000000000000000000000000000E1
:102FF00000000000000000000000000000000000D1
:1030000000000000000000000000000000000000C0
:1030100000000000000000000000000000000000B0
:1030200000000000000000000000000000000000A0
:103030000000000000000000000000000000000090
:103040000000000000000000000000000000000080
:103050000000000000000000000000000000000070
:103060000000000000000000000000000000000060
:103070000000000000000000000000000000000050
:103080000000000000000000000000000000000040
:103090000000000000000000000000000000000030
:1030A0000000000000000000000000000000000020
:1030B0000000000000000000000000000000000010
:1030C0000000000000000000000000000000000000
:1030D00000000000000000000000000000000000F0
:1030E00000000000000000000000000000000000E0
:1030F00000000000000000000000000000000000D0
:1031000000000000000000000000000000000000BF
:1031100000000000000000000000000000000000AF
:10312000000000000000000000000000000000009F
:10313000000000000000000000000000000000008F
:10314000000000000000000000000000000000007F
:10315000000000000000000000000000000000006F
:10316000000000000000000000000000000000005F
:10317000000000000000000000000000000000004F
:10318000000000000000000000000000000000003F
:10319000000000000000000000000000000000002F
:1031A000000000000000000000000000000000001F
:1031B000000000000000000000000000000000000F
:1031C00000000000000000000000000000000000FF
:1031D00000000000000000000000000000000000EF
:1031E00000000000000000000000000000000000DF
:1031F00000000000000000000000000000000000CF
:1032000000000000000000000000000000000000BE
:1032100000000000000000000000000000000000AE
:10322000000000000000000000000000000000009E
:10323000000000000000000000000000000000008E
:10324000000000000000000000000000000000007E
:10325000000000000000000000000000000000006E
:10326000000000000000000000000000000000005E
:10327000000000000000000000000000000000004E
:10328000000000000000000000000000000000003E
:10329000000000000000000000000000000000002E
:1032A000000000000000000000000000000000001E
:1032B000000000000000000000000000000000000E
:1032C00000000000000000000000000000000000FE
:1032D00000000000000000000000000000000000EE
:1032E00000000000000000000000000000000000DE
:1032F00000000000000000000000000000000000CE
:1033000000000000000000000000000000000000BD
:1033100000000000000000000000000000000000AD
:10332000000000000000000000000000000000009D
:10333000000000000000000000000000000000008D
:10334000000000000000000000000000000000007D
:10335000000000000000000000000000000000006D
:10336000000000000000000000000000000000005D
:10337000000000000000000000000000000000004D
:10338000000000000000000000000000000000003D
:10339000000000000000000000000000000000002D
:1033A000000000000000000000000000000000001D
:1033B000000000000000000000000000000000000D
:1033C00000000000000000000000000000000000FD
:1033D00000000000000000000000000000000000ED
:1033E00000000000000000000000000000000000DD
:1033F00000000000000000000000000000000000CD
:1034000000000000000000000000000000000000BC
:1034100000000000000000000000000000000000AC
:10342000000000000000000000000000000000009C
:10343000000000000000000000000000000000008C
:10344000000000000000000000000000000000007C
:10345000000000000000000000000000000000006C
:10346000000000000000000000000000000000005C
:10347000000000000000000000000000000000004C
:10348000000000000000000000000000000000003C
:10349000000000000000000000000000000000002C
:1034A000000000000000000000000000000000001C
:1034B000000000000000000000000000000000000C
:1034C00000000000000000000000000000000000FC
:1034D00000000000000000000000000000000000EC
:1034E00000000000000000000000000000000000DC
:1034F00000000000000000000000000000000000CC
:1035000000000000000000000000000000000000BB
:1035100000000000000000000000000000000000AB
:10352000000000000000000000000000000000009B
:10353000000000000000000000000000000000008B
:10354000000000000000000000000000000000007B
:10355000000000000000000000000000000000006B
:10356000000000000000000000000000000000005B
:10357000000000000000000000000000000000004B
:10358000000000000000000000000000000000003B
:10359000000000000000000000000000000000002B
:1035A000000000000000000000000000000000001B
:1035B000000000000000000000000000000000000B
:1035C00000000000000000000000000000000000FB
:1035D00000000000000000000000000000000000EB
:1035E00000000000000000000000000000000000DB
:1035F00000000000000000000000000000000000CB
:1036000000000000000000000000000000000000BA
:1036100000000000000000000000000000000000AA
:10362000000000000000000000000000000000009A
:10363000000000000000000000000000000000008A
:10364000000000000000000000000000000000007A
:10365000000000000000000000000000000000006A
:10366000000000000000000000000000000000005A
:10367000000000000000000000000000000000004A
:10368000000000000000000000000000000000003A
:10369000000000000000000000000000000000002A
:1036A000000000000000000000000000000000001A
:1036B000000000000000000000000000000000000A
:1036C00000000000000000000000000000000000FA
:1036D00000000000000000000000000000000000EA
:1036E00000000000000000000000000000000000DA
:1036F00000000000000000000000000000000000CA
:1037000000000000000000000000000000000000B9
:1037100000000000000000000000000000000000A9
:103720000000000000000000000000000000000099
:103730000000000000000000000000000000000089
:103740000000000000000000000000000000000079
:103750000000000000000000000000000000000069
:103760000000000000000000000000000000000059
:103770000000000000000000000000000000000049
:103780000000000000000000000000000000000039
:103790000000000000000000000000000000000029
:1037A0000000000000000000000000000000000019
:1037B0000000000000000000000000000000000009
:1037C00000000000000000000000000000000000F9
:1037D00000000000000000000000000000000000E9
:1037E00000000000000000000000000000000000D9
:1037F00000000000000000000000000000000000C9
:1038000000000000000000000000000000000000B8
:1038100000000000000000000000000000000000A8
:103820000000000000000000000000000000000098
:103830000000000000000000000000000000000088
:103840000000000000000000000000000000000078
:103850000000000000000000000000000000000068
:103860000000000000000000000000000000000058
:103870000000000000000000000000000000000048
:103880000000000000000000000000000000000038
:103890000000000000000000000000000000000028
:1038A0000000000000000000000000000000000018
:1038B0000000000000000000000000000000000008
:1038C00000000000000000000000000000000000F8
:1038D00000000000000000000000000000000000E8
:1038E00000000000000000000000000000000000D8
:1038F00000000000000000000000000000000000C8
:1039000000000000000000000000000000000000B7
:1039100000000000000000000000000000000000A7
:103920000000000000000000000000000000000097
:103930000000000000000000000000000000000087
:103940000000000000000000000000000000000077
:103950000000000000000000000000000000000067
:103960000000000000000000000000000000000057
:103970000000000000000000000000000000000047
:103980000000000000000000000000000000000037
:103990000000000000000000000000000000000027
:1039A0000000000000000000000000000000000017
:1039B0000000000000000000000000000000000007
:1039C00000000000000000000000000000000000F7
:1039D00000000000000000000000000000000000E7
:1039E00000000000000000000000000000000000D7
:1039F00000000000000000000000000000000000C7
:103A000000000000000000000000000000000000B6
:103A100000000000000000000000000000000000A6
:103A20000000000000000000000000000000000096
:103A30000000000000000000000000000000000086
:103A40000000000000000000000000000000000076
:103A50000000000000000000000000000000000066
:103A60000000000000000000000000000000000056
:103A70000000000000000000000000000000000046
:103A80000000000000000000000000000000000036
:103A90000000000000000000000000000000000026
:103AA0000000000000000000000000000000000016
:103AB0000000000000000000000000000000000006
:103AC00000000000000000000000000000000000F6
:103AD00000000000000000000000000000000000E6
:103AE00000000000000000000000000000000000D6
:103AF00000000000000000000000000000000000C6
:103B000000000000000000000000000000000000B5
:103B100000000000000000000000000000000000A5
:103B20000000000000000000000000000000000095
:103B30000000000000000000000000000000000085
:103B40000000000000000000000000000000000075
:103B50000000000000000000000000000000000065
:103B60000000000000000000000000000000000055
:103B70000000000000000000000000000000000045
:103B80000000000000000000000000000000000035
:103B90000000000000000000000000000000000025
:103BA0000000000000000000000000000000000015
:103BB0000000000000000000000000000000000005
:103BC00000000000000000000000000000000000F5
:103BD00000000000000000000000000000000000E5
:103BE00000000000000000000000000000000000D5
:103BF00000000000000000000000000000000000C5
:103C000000000000000000000000000000000000B4
:103C100000000000000000000000000000000000A4
:103C20000000000000000000000000000000000094
:103C30000000000000000000000000000000000084
:103C40000000000000000000000000000000000074
:103C50000000000000000000000000000000000064
:103C60000000000000000000000000000000000054
:103C70000000000000000000000000000000000044
:103C80000000000000000000000000000000000034
:103C90000000000000000000000000000000000024
:103CA0000000000000000000000000000000000014
:103CB0000000000000000000000000000000000004
:103CC00000000000000000000000000000000000F4
:103CD00000000000000000000000000000000000E4
:103CE00000000000000000000000000000000000D4
:103CF00000000000000000000000000000000000C4
:103D000000000000000000000000000000000000B3
:103D100000000000000000000000000000000000A3
:103D20000000000000000000000000000000000093
:103D30000000000000000000000000000000000083
:103D40000000000000000000000000000000000073
:103D50000000000000000000000000000000000063
:103D60000000000000000000000000000000000053
:103D70000000000000000000000000000000000043
:103D80000000000000000000000000000000000033
:103D90000000000000000000000000000000000023
:103DA0000000000000000000000000000000000013
:103DB0000000000000000000000000000000000003
:103DC00000000000000000000000000000000000F3
:103DD00000000000000000000000000000000000E3
:103DE00000000000000000000000000000000000D3
:103DF00000000000000000000000000000000000C3
:103E000000000000000000000000000000000000B2
:103E100000000000000000000000000000000000A2
:103E20000000000000000000000000000000000092
:103E30000000000000000000000000000000000082
:103E40000000000000000000000000000000000072
:103E50000000000000000000000000000000000062
:103E60000000000000000000000000000000000052
:103E70000000000000000000000000000000000042
:103E80000000000000000000000000000000000032
:103E90000000000000000000000000000000000022
:103EA0000000000000000000000000000000000012
:103EB0000000000000000000000000000000000002
:103EC00000000000000000000000000000000000F2
:103ED00000000000000000000000000000000000E2
:103EE00000000000000000000000000000000000D2
:103EF00000000000000000000000000000000000C2
:103F000000000000000000000000000000000000B1
:103F100000000000000000000000000000000000A1
:103F20000000000000000000000000000000000091
:103F30000000000000000000000000000000000081
:103F40000000000000000000000000000000000071
:103F50000000000000000000000000000000000061
:103F60000000000000000000000000000000000051
:103F70000000000000000000000000000000000041
:103F80000000000000000000000000000000000031
:103F90000000000000000000000000000000000021
:103FA0000000000000000000000000000000000011
:103FB0000000000000000000000000000000000001
:103FC00000000000000000000000000000000000F1
:103FD00000000000000000000000000000000000E1
:103FE00000000000000000000000000000000000D1
:103FF00000000000000000000000000000000000C1
:020000043000CA
:108000000000000000000000000000000000000070
:108010000000000000000000000000000000000060
:108020000000000000000000000000000000000050
:108030000000000000000000000000000000000040
:108040000000000000000000000000000000000030
:108050000000000000000000000000000000000020
:108060000000000000000000000000000000000010
:108070000000000000000000000000000000000000
:1080800000000000000000000000000000000000F0
:1080900000000000000000000000000000000000E0
:1080A00000000000000000000000000000000000D0
:1080B00000000000000000000000000000000000C0
:1080C00000000000000000000000000000000000B0
:1080D00000000000000000000000000000000000A0
:1080E0000000000000000000000000000000000090
:1080F0000000000000000000000000000000000080
:10810000000000000000000000000000000000006F
:10811000000000000000000000000000000000005F
:10812000000000000000000000000000000000004F
:10813000000000000000000000000000000000003F
:10814000000000000000000000000000000000002F
:10815000000000000000000000000000000000001F
:10816000000000000000000000000000000000000F
:1081700000000000000000000000000000000000FF
:1081800000000000000000000000000000000000EF
:1081900000000000000000000000000000000000DF
:1081A00000000000000000000000000000000000CF
:1081B00000000000000000000000000000000000BF
:1081C00000000000000000000000000000000000AF
:1081D000000000000000000000000000000000009F
:1081E000000000000000000000000000000000008F
:1081F000000000000000000000000000000000007F
:10820000000000000000000000000000000000006E
:10821000000000000000000000000000000000005E
:10822000000000000000000000000000000000004E
:10823000000000000000000000000000000000003E
:10824000000000000000000000000000000000002E
:10825000000000000000000000000000000000001E
:10826000000000000000000000000000000000000E
:1082700000000000000000000000000000000000FE
:1082800000000000000000000000000000000000EE
:1082900000000000000000000000000000000000DE
:1082A00000000000000000000000000000000000CE
:1082B00000000000000000000000000000000000BE
:1082C00000000000000000000000000000000000AE
:1082D000000000000000000000000000000000009E
:1082E000000000000000000000000000000000008E
:1082F000000000000000000000000000000000007E
:10830000000000000000000000000000000000006D
:10831000000000000000000000000000000000005D
:10832000000000000000000000000000000000004D
:10833000000000000000000000000000000000003D
:10834000000000000000000000000000000000002D
:10835000000000000000000000000000000000001D
:10836000000000000000000000000000000000000D
:1083700000000000000000000000000000000000FD
:1083800000000000000000000000000000000000ED
:1083900000000000000000000000000000000000DD
:1083A00000000000000000000000000000000000CD
:1083B00000000000000000000000000000000000BD
:1083C00000000000000000000000000000000000AD
:1083D000000000000000000000000000000000009D
:1083E000000000000000000000000000000000008D
:1083F000000000000000000000000000000000007D
:10840000000000000000000000000000000000006C
:10841000000000000000000000000000000000005C
:10842000000000000000000000000000000000004C
:10843000000000000000000000000000000000003C
:10844000000000000000000000000000000000002C
:10845000000000000000000000000000000000001C
:10846000000000000000000000000000000000000C
:1084700000000000000000000000000000000000FC
:1084800000000000000000000000000000000000EC
:1084900000000000000000000000000000000000DC
:1084A00000000000000000000000000000000000CC
:1084B00000000000000000000000000000000000BC
:1084C00000000000000000000000000000000000AC
:1084D000000000000000000000000000000000009C
:1084E000000000000000000000000000000000008C
:1084F000000000000000000000000000000000007C
:10850000000000000000000000000000000000006B
:10851000000000000000000000000000000000005B
:10852000000000000000000000000000000000004B
:10853000000000000000000000000000000000003B
:10854000000000000000000000000000000000002B
:10855000000000000000000000000000000000001B
:10856000000000000000000000000000000000000B
:1085700000000000000000000000000000000000FB
:1085800000000000000000000000000000000000EB
:1085900000000000000000000000000000000000DB
:1085A00000000000000000000000000000000000CB
:1085B00000000000000000000000000000000000BB
:1085C00000000000000000000000000000000000AB
:1085D000000000000000000000000000000000009B
:1085E000000000000000000000000000000000008B
:1085F000000000000000000000000000000000007B
:10860000000000000000000000000000000000006A
:10861000000000000000000000000000000000005A
:10862000000000000000000000000000000000004A
:10863000000000000000000000000000000000003A
:10864000000000000000000000000000000000002A
:10865000000000000000000000000000000000001A
:10866000000000000000000000000000000000000A
:1086700000000000000000000000000000000000FA
:1086800000000000000000000000000000000000EA
:1086900000000000000000000000000000000000DA
:1086A00000000000000000000000000000000000CA
:1086B00000000000000000000000000000000000BA
:1086C00000000000000000000000000000000000AA
:1086D000000000000000000000000000000000009A
:1086E000000000000000000000000000000000008A
:1086F000000000000000000000000000000000007A
:108700000000000000000000000000000000000069
:108710000000000000000000000000000000000059
:108720000000000000000000000000000000000049
:108730000000000000000000000000000000000039
:108740000000000000000000000000000000000029
:108750000000000000000000000000000000000019
:108760000000000000000000000000000000000009
:1087700000000000000000000000000000000000F9
:1087800000000000000000000000000000000000E9
:1087900000000000000000000000000000000000D9
:1087A00000000000000000000000000000000000C9
:1087B00000000000000000000000000000000000B9
:1087C00000000000000000000000000000000000A9
:1087D0000000000000000000000000000000000099
:1087E0000000000000000000000000000000000089
:1087F0000000000000000000000000000000000079
:040000050800029954
:00000001FF
